ID,Name,Glottocode,Glottolog_Name,ISO639P3code,Macroarea,Latitude,Longitude,Family,SubGroup,Words
157,Russian,russ1263,,,,,,Indo-European,Slavic,2053
122,Turkish,nucl1301,,,,,,Altaic,Turkic,1009
153,English,stan1293,,,,,,Indo-European,Germanic,948
159,French,stan1290,,,,,,Indo-European,Romance,671
116,Ancient Greek,anci1242,,,,,,Indo-European,Greek,640
158,Spanish,stan1288,,,,,,Indo-European,Romance,579
245,Latin,lati1261,,,,,,Indo-European,Italic,577
1093,Serbian,serb1264,,,,,,Indo-European,Slavic,552
169,German,stan1295,,,,,,Indo-European,Germanic,547
139,Romanian,roma1327,,,,,,Indo-European,Romance,467
71,Classical Arabic,stan1318,,,,,,Afro-Asiatic,West Semitic,442
175,Hungarian,hung1274,,,,,,Uralic,Ugric,427
812,Croatian,croa1245,,,,,,Indo-European,Slavic,411
181,Mandarin Chinese,mand1415,,,,,,Sino-Tibetan,Sinitic,404
161,Italian,ital1282,,,,,,Indo-European,Romance,353
149,Sanskrit,sans1269,,,,,,Indo-European,Indo-Iranian,344
304,Tamil,tami1289,,,,,,Dravidian,South Dravidian,334
119,Amharic,amha1245,,,,,,Afro-Asiatic,Ethiosemitic,323
706,Batsbi,bats1242,,,,,,Northeast Caucasian,Nakh,313
109,Mongolian (Khalkha),halh1238,,,,,,Altaic,Mongolic,309
24,Norwegian,norw1258,,,,,,Indo-European,Germanic,302
135,Swedish,swed1254,,,,,,Indo-European,Germanic,301
173,Danish,dani1285,,,,,,Indo-European,Germanic,293
222,Yakut,yaku1245,,,,,,Altaic,Turkic,287
176,Armenian,nucl1235,,,,,,Indo-European,Armenian,281
171,Polish,poli1260,,,,,,Indo-European,Slavic,280
244,Komi,komi1268,,,,,,Uralic,Finno-Ugric,271
163,Lezgian,lezg1247,,,,,,Northeast Caucasian,Lezgic,266
174,Czech,czec1258,,,,,,Indo-European,Slavic,262
252,Icelandic,icel1247,,,,,,Indo-European,Germanic,260
232,Japanese,nucl1643,,,,,,Altaic,Japonic,258
141,Finnish,finn1318,,,,,,Uralic,Finno-Ugric,253
130,Geez,geez1241,,,,,,Afro-Asiatic,Ethiosemitic,244
380,Swahili,swah1253,,,,,,Atlantic–Congo,Benue–Congo,243
138,Ukrainian,ukra1253,,,,,,Indo-European,Slavic,221
260,Tigrinya,tigr1271,,,,,,Afro-Asiatic,Ethiosemitic,214
110,Bulgarian,bulg1262,,,,,,Indo-European,Slavic,213
211,Gagauz,gaga1249,,,,,,Altaic,Turkic,212
178,Farsi,fars1254,,,,,,Indo-European,Indo-Iranian,208
142,Udmurt,udmu1245,,,,,,Uralic,Finno-Ugric,207
224,Karaim,kara1464,,,,,,Altaic,Turkic,204
257,Tibetan,tibe1272,,,,,,Sino-Tibetan,Bodic,195
85,Kannada,nucl1305,,,,,,Dravidian,South Dravidian,186
117,Portuguese,port1283,,,,,,Indo-European,Romance,186
324,Indonesian,indo1316,,,,,,Austronesian,Malayo-Polynesian,184
126,Lithuanian,lith1251,,,,,,Indo-European,Baltic,178
255,Dutch,dutc1256,,,,,,Indo-European,Germanic,178
136,Tabassaran,taba1259,,,,,,Northeast Caucasian,Lezgic,177
355,Thai,thai1261,,,,,,Kra–Dai,Tai,177
371,Khmer,cent1989,,,,,,Austroasiatic,Khmeric,175
450,Hill Mari,west2392,,,,,,Uralic,Finno-Ugric,172
238,Meadow Mari,mari1278,,,,,,Uralic,Finno-Ugric,170
239,Modern Greek,mode1248,,,,,,Indo-European,Greek,160
201,Akkadian,akka1240,,,,,,Afro-Asiatic,East Semitic,155
7,Lao,laoo1244,,,,,,Kra–Dai,Tai,149
219,Erzya,erzy1239,,,,,,Uralic,Finno-Ugric,147
166,Vietnamese,viet1252,,,,,,Austroasiatic,Vietic,145
242,Belarusan,bela1254,,,,,,Indo-European,Slavic,145
60,Burmese,nucl1310,,,,,,Sino-Tibetan,Lolo-Burmese,141
184,Azerbaijani,mode1262,,,,,,Altaic,Turkic,138
261,Tigre,tigr1270,,,,,,Afro-Asiatic,Ethiosemitic,135
179,Kazakh,kaza1248,,,,,,Altaic,Turkic,129
111,Bashkir,bash1264,,,,,,Altaic,Turkic,127
137,Ancient Hebrew,anci1244,,,,,,Afro-Asiatic,West Semitic,126
330,Malay,stan1306,,,,,,Austronesian,Malayo-Polynesian,125
160,Old East Slavic,oldr1238,,,,,,Indo-European,Slavic,124
185,Selkup,selk1253,,,,,,Uralic,Samoyedic,123
247,Tundra Yukaghir,nort2745,,,,,,Yukaghir,,120
375,Tagalog,taga1270,,,,,,Austronesian,Malayo-Polynesian,120
395,Karelian,kare1335,,,,,,Uralic,Finno-Ugric,119
237,Estonian,esto1258,,,,,,Uralic,Finno-Ugric,117
148,Tuvan,tuvi1240,,,,,,Altaic,Turkic,116
272,Zulu,zulu1248,,,,,,Atlantic–Congo,Benue–Congo,116
861,Khamnigan Mongol,kham1281,,,,,,Altaic,Mongolic,113
536,Abaza,abaz1241,,,,,,Northwest Caucasian,Abazgi,110
151,Evenki,even1260,,,,,,Altaic,Manchu-Tungusic,109
282,Adyghe,adyg1241,,,,,,Northwest Caucasian,Circassian,109
600,Veps,veps1250,,,,,,Uralic,Finno-Ugric,109
210,Irish Gaelic,iris1253,,,,,,Indo-European,Celtic,108
129,Aghul,aghu1253,,,,,,Northeast Caucasian,Lezgic,107
165,Tatar,tata1255,,,,,,Altaic,Turkic,107
218,Moksha,moks1248,,,,,,Uralic,Finno-Permic,107
243,Ingush,ingu1240,,,,,,Northeast Caucasian,Nakh,107
248,Buriat,buri1258,,,,,,Altaic,Mongolic,107
323,Nganasan,ngan1291,,,,,,Uralic,Samoyedic,106
183,Chukchee,chuk1273,,,,,,Chukotko-Kamchatkan,Chukotkan,104
485,Malak-Malak,mull1237,,,,,,Malak-Malak,,104
339,Koryak,kory1246,,,,,,Chukotko-Kamchatkan,Chukotkan,103
495,Nivkh,gily1242,,,,,,Nivkh,,103
194,Even,even1260,,,,,,Altaic,Manchu-Tungusic,102
246,Udihe,udih1248,,,,,,Altaic,Manchu-Tungusic,102
312,Catalan,stan1289,,,,,,Indo-European,Romance,102
393,Maori,maor1246,,,,,,Austronesian,Malayo-Polynesian,102
499,Yaqui (Hiaki),yaqu1251,,,,,,Uto-Aztecan,Cahitan,102
30,Tofa,kara1462,,,,,,Altaic,Turkic,101
443,Kubachi,kuba1248,,,,,,Northeast Caucasian,Dargin,101
140,Latvian,latv1249,,,,,,Indo-European,Baltic,93
114,Old English,stan1293,,,,,,Indo-European,Germanic,85
118,Macedonian,mace1250,,,,,,Indo-European,Slavic,83
234,Slovak,slov1269,,,,,,Indo-European,Slavic,82
204,Telugu,telu1262,,,,,,Dravidian,South Dravidian,77
180,Ossetian,osse1243,,,,,,Indo-European,Indo-Iranian,74
220,Romani,roma1329,,,,,,Indo-European,Indo-Iranian,73
817,Galician,gali1258,,,,,,Indo-European,Romance,73
190,Slovenian,slov1268,,,,,,Indo-European,Slavic,72
155,Old Church Slavonic,chur1257,,,,,,Indo-European,Slavic,69
208,Welsh,wels1247,,,,,,Indo-European,Celtic,69
290,Javanese,java1254,,,,,,Austronesian,Malayo-Polynesian,69
340,Chaha,seba1251,,,,,,Afro-Asiatic,Ethiosemitic,65
629,Rutul,rutu1240,,,,,,Northeast Caucasian,Lezgic,64
134,Udi,udii1243,,,,,,Northeast Caucasian,Lezgic,61
236,Old Norse,oldn1244,,,,,,Indo-European,Germanic,61
293,Classical Armenian,clas1249,,,,,,Indo-European,Armenian,61
382,Soqotri,soqo1240,,,,,,Afro-Asiatic,West Semitic,60
357,Modern Written Arabic,stan1318,,,,,,Afro-Asiatic,West Semitic,59
326,Balinese,bali1278,,,,,,Austronesian,Malayo-Polynesian,57
78,Jarawara,jama1261,,,,,,Arawan,Madi,55
345,Albanian,alba1267,,,,,,Indo-European,Albanian,54
229,Old Irish,oldi1245,,,,,,Indo-European,Celtic,53
494,Somali,soma1255,,,,,,Afro-Asiatic,Cushitic,53
52,Kurux,kuru1301,,,,,,Dravidian,Northern Dravidian,50
420,Hindi,hind1269,,,,,,Indo-European,Indo-Iranian,49
124,Chuvash,chuv1255,,,,,,Altaic,Turkic,48
258,Syriac,clas1252,,,,,,Afro-Asiatic,West Semitic,48
1532,Oriya,oriy1255,,,,,,Indo-European,Indo-Aryan,47
209,Breton,bret1244,,,,,,Indo-European,Celtic,44
38,Georgian,nucl1302,,,,,,Kartvelian,Karto-Zan,43
578,Hiligaynon,hili1240,,,,,,Austronesian,Malayo-Polynesian,43
396,Livvi-Karelian,livv1243,,,,,,Uralic,Finno-Ugric,42
583,Botlikh,botl1242,,,,,,Northeast Caucasian,Avar–Andic,42
112,Korean,kore1280,,,,,,Altaic,Koreanic,41
164,Avar,avar1256,,,,,,Northeast Caucasian,Avar–Andic,41
51,Fula,fula1264,,,,,,Atlantic–Congo,Atlantic,40
1154,Cantonese Chinese,cant1236,,,,,,Sino-Tibetan,Sinitic,40
582,Modern Mon,monn1252,,,,,,Austroasiatic,Monic,39
146,Hausa,haus1257,,,,,,Afro-Asiatic,Chadic,38
559,Waray,wara1300,,,,,,Austronesian,Malayo-Polynesian,37
168,Kyrghyz,kirg1245,,,,,,Altaic,Turkic,36
226,Old French,oldf1239,,,,,,Indo-European,Romance,36
348,Navajo,nava1243,,,,,,Na-Dené,Athabaskan,36
308,Basque,basq1248,,,,,,Basque,,35
544,Shan,shan1277,,,,,,Kra–Dai,Tai,35
125,Karakhanid Uighur,uigh1240,,,,,,Altaic,Turkic,34
288,Hawaiian,hawa1245,,,,,,Austronesian,Malayo-Polynesian,34
70,Itelmen,itel1242,,,,,,Chukotko-Kamchatkan,Kamchatkan,33
143,Uzbek,uzbe1247,,,,,,Altaic,Turkic,33
81,Kui (India),kuii1252,,,,,,Dravidian,South-Central Dravidian,32
840,Luxembourgish,luxe1241,,,,,,Indo-European,Germanic,32
44,Medieval Latin,medi1250,,,,,,Indo-European,Italic,31
147,Old High German,stan1295,,,,,,Indo-European,Germanic,31
202,Malayalam,mala1464,,,,,,Dravidian,Southern Dravidian,31
228,Gothic,goth1244,,,,,,Indo-European,Germanic,31
328,Brahui,brah1256,,,,,,Dravidian,Northern Dravidian,31
113,Kurdish,kurd1259,,,,,,Indo-European,Indo-Iranian,30
133,Modern Hebrew,hebr1245,,,,,,Afro-Asiatic,West Semitic,30
152,Kildin Saami,kild1236,,,,,,Uralic,Sami,30
215,Yir Yoront,yiry1245,,,,,,Pama–Nyungan,Paman,29
249,Manchu,manc1252,,,,,,Altaic,Manchu-Tungusic,29
579,Ilocano,ilok1237,,,,,,Austronesian,Malayo-Polynesian,29
128,Lak,lakk1252,,,,,,Northeast Caucasian,Lak,28
131,Arabic,stan1318,,,,,,Afro-Asiatic,West Semitic,28
212,Kumyk,kumy1244,,,,,,Altaic,Turkic,28
365,Maranao,mara1404,,,,,,Austronesian,Malayo-Polynesian,28
6,Middle English,midd1317,,,,,,Indo-European,Germanic,27
9,Lower Sorbian,lowe1385,,,,,,Indo-European,Slavic,27
223,Nanai,nana1257,,,,,,Altaic,Manchu-Tungusic,27
231,Khakas,khak1248,,,,,,Altaic,Turkic,26
379,Jewish Aramaic,nort3242,,,,,,Afro-Asiatic,West Semitic,26
28,Nahuatl,azte1234,,,,,,Uto-Aztecan,Southern Uto-Aztecan,25
115,Turkmen,turk1304,,,,,,Altaic,Turkic,25
186,Uighur,uigh1240,,,,,,Altaic,Turkic,25
154,Bagvalal,bagv1239,,,,,,Northeast Caucasian,Avar–Andic,24
156,Serbo-Croatian,sout1528,,,,,,Indo-European,Slavic,24
162,Chamalal,cham1309,,,,,,Northeast Caucasian,Avar–Andic,24
189,Tajiki,taji1245,,,,,,Indo-European,Indo-Iranian,24
572,Guarani,para1311,,,,,,Tupian,Tupi–Guarani,24
108,Archi,arch1244,,,,,,Northeast Caucasian,Lezgic,23
372,Malagasy,plat1254,,,,,,Austronesian,Malayo-Polynesian,23
842,Bengali,beng1280,,,,,,Indo-European,Indo-Iranian,23
87,Tahitian,tahi1242,,,,,,Austronesian,Malayo-Polynesian,22
177,Pashto,pash1269,,,,,,Indo-European,Indo-Iranian,22
611,Otomi,otom1300,,,,,,Oto-Manguean,Oto-Pamean,22
863,Scottish Gaelic,scot1245,,,,,,Indo-European,Celtic,22
1185,Assamese,assa1263,,,,,,Indo-European,Indo-Iranian,22
1303,Doromu-Koki,doro1266,,,,,,Trans–New Guinea,Manubaran,22
172,Bezhta,bezh1248,,,,,,Northeast Caucasian,Tsezic,21
501,Wintu,nucl1651,,,,,,Wintuan,Northern Wintuan,21
1438,Ojibwe,ojib1241,,,,,,Algic,Algonquian,21
62,Quechua,cusc1236,,,,,,Quechuan,Quechua II,20
317,Chechen,chec1245,,,,,,Northeast Caucasian,Nakh,20
624,Marathi,mara1378,,,,,,Indo-European,Indo-Iranian,20
1067,New Latin,lati1261,,,,,,Indo-European,Italic,20
14,Batak Toba,bata1289,,,,,,Austronesian,Malayo-Polynesian,19
31,Abkhaz,abkh1244,,,,,,Northwest Caucasian,Abazgi,19
145,Karata,kara1474,,,,,,Northeast Caucasian,Avar–Andic,19
182,Mansi,mans1269,,,,,,Uralic,Ugric,19
325,Oromo,nucl1701,,,,,,Afro-Asiatic,Cushitic,19
343,Hup,hupd1244,,,,,,Naduhup,Hup,19
397,Tver Karelian,tver1240,,,,,,Uralic,Finno-Ugric,19
558,White Hmong (Hmong Daw),hmon1333,,,,,,Hmong–Mien,Hmongic,19
693,Punjabi,panj1256,,,,,,Indo-European,Indo-Iranian,19
845,Cham,east2563,,,,,,Austronesian,Malayo-Polynesian,19
83,Tzotzil,tzot1259,,,,,,Mayan,Cholan–Tzeltalan,18
92,Faroese,faro1244,,,,,,Indo-European,Germanic,18
267,Avestan,aves1237,,,,,,Indo-European,Indo-Iranian,18
287,Alabama,alab1237,,,,,,Muskogean,Eastern Muskogean,18
314,Rapanui,rapa1244,,,,,,Austronesian,Malayo-Polynesian,18
337,Cebuano,cebu1242,,,,,,Austronesian,Malayo-Polynesian,18
835,Afrikaans,afri1274,,,,,,Indo-European,Germanic,18
80,Occitan,occi1239,,,,,,Indo-European,Romance,17
235,Church Slavonic,chur1257,,,,,,Indo-European,Slavic,17
253,Nogai,noga1249,,,,,,Altaic,Turkic,17
605,Kaingang,kain1271,,,,,,Macro-Jê,Jê,17
1436,Nez Perce (Nimipuutímt),nezp1238,,,,,,Plateau Penutian,Sahaptian,17
43,Niuean,niue1239,,,,,,Austronesian,Malayo-Polynesian,16
93,Cherokee,cher1273,,,,,,Iroquoian,Southern Iroquoian,16
364,Upper Sorbian,uppe1395,,,,,,Indo-European,Slavic,16
700,Shipibo-Conibo,ship1253,,,,,,Panoan,Mainline Panoan,16
747,Q'eqchi',kekc1242,,,,,,Mayan,Quichean–Mamean,16
1192,West Frisian,west2354,,,,,,Indo-European,Germanic,16
1231,Aromanian,arom1237,,,,,,Indo-European,Romance,16
1445,Mairasi,nucl1594,,,,,,Mairasi,,16
187,Karachay-Balkar,kara1465,,,,,,Altaic,Turkic,15
297,Ket,kett1243,,,,,,Yeniseian,Northern Yeniseian,15
529,Lakota,lako1247,,,,,,Siouan,Western Siouan,15
622,Gurindji,guri1247,,,,,,Pama–Nyungan,Ngumpin–Yapa,15
896,Manda (of India),mand1413,,,,,,Dravidian,South-Central Dravidian,15
904,Pengo,peng1244,,,,,,Dravidian,South-Central Dravidian,15
1320,Ngardi,ngar1288,,,,,,Pama–Nyungan,Ngumbin,15
67,Khinalug,khin1240,,,,,,Northeast Caucasian,Khinalug,14
262,Shughni,shug1248,,,,,,Indo-European,Indo-Iranian,14
281,Takia,taki1248,,,,,,Austronesian,Malayo-Polynesian,14
360,Yoruba,yoru1245,,,,,,Atlantic–Congo,Volta–Niger,14
805,Skolt Sami,skol1241,,,,,,Uralic,Sami,14
820,Crimean Tatar,crim1257,,,,,,Altaic,Turkic,14
1340,Luiseño,luis1253,,,,,,Uto-Aztecan,Northern Uto-Aztecan,14
127,Old Turkic,oldt1247,,,,,,Altaic,Turkic,13
214,Dargwa (literary),darg1241,,,,,,Northeast Caucasian,Dargin,13
230,Hittite,hitt1242,,,,,,Indo-European,Anatolian,13
411,Hopi,hopi1249,,,,,,Uto-Aztecan,Northern Uto-Aztecan,13
547,Yegha,kora1294,,,,,,Trans–New Guinea,Binanderean,13
694,Gawwada (Ale),gaww1239,,,,,,Afro-Asiatic,Cushitic,13
897,Bosnian,bosn1245,,,,,,Indo-European,Slavic,13
1156,Southern Min (Min Nan),minn1241,,,,,,Sino-Tibetan,Sinitic,13
41,Tolai (Kuanua),kuan1248,,,,,,Austronesian,Malayo-Polynesian,12
366,Jewish Palestinian Aramaic,pale1261,,,,,,Afro-Asiatic,West Semitic,12
469,Telefol,tele1256,,,,,,Trans–New Guinea,Central &amp; South New Guinea,12
603,Marquesan,nort2845,,,,,,Austronesian,Malayo-Polynesian,12
617,Tongan,tong1325,,,,,,Austronesian,Malayo-Polynesian,12
821,Southern Altai,sout2694,,,,,,Altaic,Turkic,12
1147,Late Latin,late1252,,,,,,Indo-European,Italic,12
1201,Tlingit,,,,,,,Tlingit,tlin1245,12
35,Romansh,roma1326,,,,,,Indo-European,Romance,11
37,Mehri,mehr1241,,,,,,Afro-Asiatic,West Semitic,11
59,Shor,shor1247,,,,,,Altaic,Turkic,11
69,Sumerian,sume1241,,,,,,Sumerian,,11
95,Egyptian,egyp1246,,,,,,Afro-Asiatic,Egyptian,11
213,Khanty,khan1273,,,,,,Uralic,Ugric,11
284,Brazilian Portuguese,braz1246,,,,,,Indo-European,Romance,11
305,Ginukh,hinu1240,,,,,,Northeast Caucasian,Tsezic,11
350,Godoberi,ghod1238,,,,,,Northeast Caucasian,Avar–Andic,11
352,Samoan,samo1305,,,,,,Austronesian,Malayo-Polynesian,11
417,Aleut,aleu1260,,,,,,Eskimo–Aleut,Aleut,11
606,Eastern Wichí,wich1263,,,,,,Matacoan,Wichí,11
612,Seychellois Creole,sese1246,,,,,,French-based creole,,11
614,Cofán,cofa1242,,,,,,Cofán,,11
630,Khwarshi,khwa1239,,,,,,Northeast Caucasian,Tsezic,11
635,Kanuri,kanu1279,,,,,,Saharan,Western Saharan,11
653,Colorado (Tsafiki),colo1256,,,,,,Barbacoan,Southern Barbacoan,11
909,Kawi (Old Javanese),kawi1241,,,,,,Austronesian,Malayo-Polynesian,11
992,Rotuman,rotu1241,,,,,,Austronesian,Malayo-Polynesian,11
1245,Koasati,koas1236,,,,,,Muskogean,Eastern Muskogean,11
1297,Masai,masa1300,,,,,,Saharan,Eastern Sudanic,11
1308,Kombio,komb1272,,,,,,Torricelli,Urim,11
167,Karakalpak,kara1467,,,,,,Altaic,Turkic,10
192,Tindi,tind1238,,,,,,Northeast Caucasian,Avar–Andic,10
203,Tulu,tulu1258,,,,,,Dravidian,Southern Dravidian,10
240,Middle Persian (Pahlavi),pahl1241,,,,,,Indo-European,Indo-Iranian,10
251,Ottoman Turkish,otto1234,,,,,,Altaic,Turkic,10
285,Paiwan,paiw1248,,,,,,Austronesian,Paiwan,10
295,Kashub,kash1274,,,,,,Indo-European,Slavic,10
320,Yaghnobi,yagn1238,,,,,,Indo-European,Indo-Iranian,10
349,Hunzib,hunz1247,,,,,,Northeast Caucasian,Tsezic,10
363,Lushai,lush1249,,,,,,Sino-Tibetan,Kuki-Chin-Mizo,10
409,Mwotlap,motl1237,,,,,,Austronesian,Malayo-Polynesian,10
421,Greenlandic Inuit,gree1280,,,,,,Eskimo–Aleut,Eskimo,10
525,Seri,seri1257,,,,,,Hokan,Seri,10
569,Kichwa,colo1257,,,,,,Quechuan,Quechua II,10
576,Buginese,bugi1244,,,,,,Austronesian,Malayo-Polynesian,10
602,Nepali,nepa1254,,,,,,Indo-European,Indo-Iranian,10
690,Akhvakh,akhv1239,,,,,,Northeast Caucasian,Avar–Andic,10
702,Tai Nuea (Dehong),tain1252,,,,,,Kra–Dai,Tai,10
738,Yuwana (Hodï),yuwa1244,,,,,,Yuwana (Hodï),,10
792,Kali'na (Carib),gali1262,,,,,,Cariban,Guianan Carib,10
826,Gondi,nort3258,,,,,,Dravidian,South-Central Dravidian,10
914,Bikol,biko1240,,,,,,Austronesian,Malayo-Polynesian,10
1080,Makassarese,maka1311,,,,,,Austronesian,Malayo-Polynesian,10
1254,Livonian,livv1244,,,,,,Uralic,Finno-Ugric,10
1264,Mojave,moha1256,,,,,,Yuman,,10
1448,Pela (Bolo),pela1242,,,,,,Sino-Tibetan,Tibeto-Burman,10
3,Mikir,karb1241,,,,,,Sino-Tibetan,Kuki-Chin–Naga,9
10,Middle High German,stan1295,,,,,,Indo-European,Germanic,9
46,Tok Pisin,tokp1240,,,,,,English-based creole,,9
64,Kapampangan,pamp1243,,,,,,Austronesian,Malayo-Polynesian,9
94,Old Sweden,,,,,,,Indo-European,Germanic,9
107,Byzantine Greek,medi1251,,,,,,Indo-European,Greek,9
120,Kalmyk,kalm1243,,,,,,Altaic,Mongolic,9
188,Nenets,nene1249,,,,,,Uralic,Samoyedic,9
206,Pitjantjatjara,pitj1243,,,,,,Pama–Nyungan,Wati,9
266,Dari,dari1249,,,,,,Indo-European,Indo-Iranian,9
316,Choctaw,choc1276,,,,,,Muskogean,Western Muskogean,9
322,Classical Persian,midd1352,,,,,,Indo-European,Indo-Iranian,9
341,Yiddish,yidd1255,,,,,,Indo-European,Germanic,9
497,Chʼol,chol1282,,,,,,Mayan,Cholan–Tzeltalan,9
509,Ventureño,vent1242,,,,,,Chumashan,Southern Chumashan,9
545,Fijian,fiji1243,,,,,,Austronesian,Malayo-Polynesian,9
640,Rennellese,renn1242,,,,,,Austronesian,Malayo-Polynesian,9
825,"Malto (Sauria Paharia, references do not distinguish from Kumarbhag Paharia)",saur1249,,,,,,Dravidian,Northern Dravidian,9
839,Ngadha,ngad1261,,,,,,Austronesian,Malayo-Polynesian,9
906,Iban,iban1264,,,,,,Austronesian,Malayo-Polynesian,9
1129,Tunebo (Uwa),tune1260,,,,,,Chibchan,Chibcha–Tunebo,9
1283,Sursurunga,surs1246,,,,,,Austronesian,Malayo-Polynesian,9
1298,Dinka,dink1262,,,,,,Saharan,Eastern Sudanic,9
1304,Fataluku,fata1247,,,,,,Trans–New Guinea,Timor–Alor–Pantar,9
1311,Ambulas (Abelam),ambu1247,,,,,,Sepik,Middle Sepik,9
1339,Ute,utee1244,,,,,,Uto-Aztecan,Numic,9
1441,Igbo,nucl1417,,,,,,Niger–Congo,Atlantic–Congo,9
1444,Narak,nara1264,,,,,,Trans–New Guinea,Chimbu–Wahgi,9
1531,Urdu,urdu1245,,,,,,Indo-European,Indo-Iranian,9
27,Kilivila,kili1267,,,,,,Austronesian,Malayo-Polynesian,8
29,Wolane,wola1253,,,,,,Afro-Asiatic,Ethiosemitic,8
34,Thao,thao1240,,,,,,Austronesian,Western Plains Formosan,8
72,Ilokano,ilok1237,,,,,,Austronesian,Malayo-Polynesian,8
88,Pangasinan,pang1290,,,,,,Austronesian,Malayo-Polynesian,8
98,Amis,amis1246,,,,,,Austronesian,East Formosan,8
170,Kabardian,kaba1278,,,,,,Northwest Caucasian,Circassian,8
193,Kryts,kryt1240,,,,,,Northeast Caucasian,Lezgic,8
205,Kâte,kate1253,,,,,,Trans–New Guinea,Finisterre–Huon,8
225,Oyrot,sout2694,,,,,,Altaic,Turkic,8
259,Jibbali,sheh1240,,,,,,Afro-Asiatic,West Semitic,8
321,Tsez,dido1241,,,,,,Northeast Caucasian,Tsezic,8
403,Yidiñ,yidi1250,,,,,,Pama–Nyungan,Yidiñ,8
436,Warlpiri,warl1254,,,,,,Pama–Nyungan,Ngumpin–Yapa,8
440,Ngarluma,ngar1287,,,,,,Pama–Nyungan,Ngayarda,8
460,West Kewa,west2599,,,,,,Trans–New Guinea,Engan,8
477,Kyaka,kyak1244,,,,,,Engan,North Engan,8
551,Grass Koiarj,gras1249,,,,,,Trans–New Guinea,Koiarian,8
571,Koreguaje,kore1283,,,,,,Tucanoan,Koreguaje,8
591,Kuvi,kuvi1243,,,,,,Dravidian,South-Central Dravidian,8
597,Saramaccan,sara1340,,,,,,English–Portuguese-based creole,,8
615,Andi,andi1255,,,,,,Northeast Caucasian,Avar–Andic,8
636,Oroqen,oroq1238,,,,,,Altaic,Manchu-Tungusic,8
641,Nuguria,nuku1259,,,,,,Austronesian,Malayo-Polynesian,8
642,Takuu,taku1257,,,,,,Austronesian,Malayo-Polynesian,8
692,Budukh,budu1248,,,,,,Northeast Caucasian,Lezgic,8
703,Tai Lue,luuu1242,,,,,,Kra–Dai,Tai,8
757,Northern Sami,nort2671,,,,,,Uralic,Sami,8
822,Dolgan,dolg1241,,,,,,Altaic,Turkic,8
851,Tuamotu,tuam1242,,,,,,Austronesian,Malayo-Polynesian,8
857,Mangareva,mang1401,,,,,,Austronesian,Malayo-Polynesian,8
877,Soninke,soni1259,,,,,,Mande,Western Mande,8
895,Manx,manx1243,,,,,,Indo-European,Celtic,8
901,Parji,parj1243,,,,,,Dravidian,Central Dravidian,8
919,Bontok,bont1247,,,,,,Austronesian,Malayo-Polynesian,8
924,Kayan (of Borneo),kaya1323,,,,,,Austronesian,Malayo-Polynesian,8
926,Sundanese,sund1251,,,,,,Austronesian,Malayo-Polynesian,8
929,Pamona (Bare’e),pamo1252,,,,,,Austronesian,Malayo-Polynesian,8
937,Manggarai,mang1405,,,,,,Austronesian,Malayo-Polynesian,8
951,Classical Nahuatl,,,,,,,Uto-Aztecan,Nahuan,8
1030,Old Georgian,oldg1234,,,,,,Kartvelian,Karto-Zan,8
1145,Gamo,gamo1243,,,,,,Omotic,Ometo,8
1190,Mingrelian,ming1252,,,,,,Kartvelian,Karto-Zan,8
1230,Low German,lowg1239,,,,,,Indo-European,Germanic,8
1238,Iron Ossetian,iron1242,,,,,,Indo-European,Indo-Iranian,8
1263,Cheyenne,chey1247,,,,,,Algonquian,,8
1265,North Frisian,nort2626,,,,,,Indo-European,Germanic,8
1292,Tommo So,tomm1242,,,,,,Niger–Congo,Dogon,8
1309,Bariai,bari1286,,,,,,Austronesian,Malayo-Polynesian,8
1316,Gamilaraay,gami1243,,,,,,Pama–Nyungan,Wiradhuric,8
1389,Pali,pali1273,,,,,,Indo-European,Indo-Iranian,8
1439,Western Abenaki,west2630,,,,,,Algic,Algonquian,8
1559,Arabela,arab1268,,,,,,Zaparoan,Arabela–Andoa,8
19,Maya,maya1287,,,,,,Mayan,???,7
121,Old Uighur,oldu1238,,,,,,Altaic,Turkic,7
123,Chagatai,chag1247,,,,,,Altaic,Turkic,7
217,Gugu-yimidjir,gugu1255,,,,,,Pama–Nyungan,Paman,7
221,Tsakhur,tsak1249,,,,,,Northeast Caucasian,Lezgic,7
250,Negidal,negi1245,,,,,,Altaic,Manchu-Tungusic,7
374,Haddiya,hadi1240,,,,,,Afro-Asiatic,Cushitic,7
383,Orok,orok1265,,,,,,Altaic,Manchu-Tungusic,7
419,Dan,dann1241,,,,,,Mande,Eastern Mande,7
496,Yao (Iu Mien),iumi1238,,,,,,Hmong–Mien,Mienic,7
621,Juhuri (Judeo-Tat),jude1256,,,,,,Indo-European,Indo-Iranian,7
623,Mapudungun,mapu1245,,,,,,Araucanian,Mapudungun,7
643,Tikopia,tiko1237,,,,,,Austronesian,Malayo-Polynesian,7
648,Sirionó,siri1279,,,,,,Tupian,Tupi–Guarani,7
661,Karok,karo1304,,,,,,Hokan,Karok,7
662,Waorani,waor1240,,,,,,Waorani,,7
759,Inari Sami,inar1241,,,,,,Uralic,Sami,7
833,Luobohe Miao,luop1235,,,,,,Hmong–Mien,Hmongic,7
853,Cook Islands Maori (Rarotongan),raro1241,,,,,,Austronesian,Malayo-Polynesian,7
855,Nukuoro,nuku1260,,,,,,Austronesian,Malayo-Polynesian,7
902,Kolami,kola1242,,,,,,Dravidian,Central Dravidian,7
918,Kankanaey,kank1245,,,,,,Austronesian,Malayo-Polynesian,7
920,Itbayaten,itba1237,,,,,,Austronesian,Malayo-Polynesian,7
928,Sangir,nort2871,,,,,,Austronesian,Malayo-Polynesian,7
954,Arosi,aros1241,,,,,,Austronesian,Malayo-Polynesian,7
956,Pazeh,kulo1237,,,,,,Austronesian,Northwest Formosan,7
996,Northern Haida,haid1248,,,,,,Haida,,7
1092,Ludic Karelian,ludi1246,,,,,,Uralic,Finno-Ugric,7
1151,Gela (Nggela),gela1263,,,,,,Austronesian,Malayo-Polynesian,7
1186,Sinhalese,sinh1246,,,,,,Indo-European,Indo-Iranian,7
1221,Hakka Chinese,hakk1236,,,,,,Sino-Tibetan,Sinitic,7
1239,Digor Ossetian,digo1242,,,,,,Indo-European,Indo-Iranian,7
1277,Yedina (Buduma),budu1265,,,,,,Afro-Asiatic,Chadic,7
1305,Bamu,bamu1257,,,,,,Kiwaian,Bamu,7
1334,Francisco León Zoque,fran1266,,,,,,Mixe–Zoque,Zoquean,7
1341,Shuar,shua1257,,,,,,Chicham,Shuar,7
1355,North Alaskan Inuit (Iñupiaq),inup1234,,,,,,Eskimo–Aleut,Eskimo,7
1442,Kinyarwanda,kiny1244,,,,,,Niger–Congo,Benue–Congo,7
1452,Võro,,,,,,,Uralic,Finno-Ugric,7
1530,Standard Zhuang,,,,,,,Kra-Dai,Tai,7
1549,Asturian,astu1245,,,,,,Indo-European,Romance,7
11,Kott,kott1239,,,,,,Yeniseian,Southern Yeniseian,6
32,Djabugay,dyaa1242,,,,,,Pama–Nyungan,Paman,6
102,Buru,buru1303,,,,,,Austronesian,Malayo-Polynesian,6
241,Polabian,pola1255,,,,,,Indo-European,Slavic,6
271,Khaling,khal1275,,,,,,Sino-Tibetan,Kiranti,6
273,Palauan,pala1344,,,,,,Austronesian,Malayo-Polynesian,6
306,Motu,motu1246,,,,,,Austronesian,Malayo-Polynesian,6
313,Beja,beja1238,,,,,,Afro-Asiatic,Cushitic,6
398,Bamana,bamb1269,,,,,,Mande,Western Mande,6
519,Cocopa,coco1261,,,,,,Yuman,Delta–Californian,6
528,Winnebago,hoch1243,,,,,,Siouan,Western Siouan,6
542,Cornish,corn1251,,,,,,Indo-European,Celtic,6
573,Alutor,alut1245,,,,,,Chukotko-Kamchatkan,Chukotkan,6
592,Hani,hani1248,,,,,,Sino-Tibetan,Lolo–Burmese,6
604,Tuyuca,tuyu1244,,,,,,Tucanoan,Eastern Tucanoan,6
609,Mlabri,mlab1235,,,,,,Austroasiatic,Khmuic,6
610,Panare,enap1235,,,,,,Cariban,Venezuelan Carib,6
632,Bolyu (Paliu),boly1239,,,,,,Austroasiatic,Pakanic,6
644,Tuvaluan,tuva1244,,,,,,Austronesian,Malayo-Polynesian,6
647,Puinave,puin1248,,,,,,Puinave,,6
649,Zhuang-Longzhou (Central Tai),deba1238,,,,,,Kra–Dai,Tai,6
665,Cia-Cia (Butonese),ciac1237,,,,,,Austronesian,Malayo-Polynesian,6
686,Embera,embe1258,,,,,,Chocoan,Embera,6
688,Central Siberian Yupik,cent2128,,,,,,Eskimo–Aleut,Eskimo,6
699,Ese Ejja,esee1248,,,,,,Tacanan,Ese Ejja,6
742,Yaminahua,yami1255,,,,,,Pano–Tacanan,Panoan,6
786,Sanapaná,sana1298,,,,,,Mascoian,Sanapaná,6
900,Corsican,cors1241,,,,,,Indo-European,Romance,6
903,Gadaba (Kondekor- Mudhili),mudh1235,,,,,,Dravidian,Central Dravidian,6
916,Casiguran Dumagat,casi1235,,,,,,Austronesian,Malayo-Polynesian,6
921,Isneg (Isnag),isna1241,,,,,,Austronesian,Malayo-Polynesian,6
934,Karo Batak,bata1293,,,,,,Austronesian,Malayo-Polynesian,6
941,Rembong,remb1250,,,,,,Austronesian,Malayo-Polynesian,6
973,Mongondow,mong1342,,,,,,Austronesian,Malayo-Polynesian,6
976,Yaqay,yaqa1246,,,,,,Trans–New Guinea,Fly River (Anim),6
1063,Jèrriais (Jersey Norman French),jerr1238,,,,,,Indo-European,Romance,6
1110,Tucano,tuca1252,,,,,,Tucanoan,Eastern Tucanoan,6
1137,Abui,abui1241,,,,,,Trans–New Guinea,Timor–Alor–Pantar,6
1197,Wanman (Warnman),wanm1242,,,,,,Pama–Nyungan,Wati,6
1251,Western Armenian,homs1234,,,,,,Indo-European,Armenian,6
1276,Sura (Mwaghavul),mwag1236,,,,,,Afro-Asiatic,Chadic,6
1278,Manipuri (Meitei),mani1292,,,,,,Sino-Tibetan,Tibeto-Burman,6
1289,Doyayo,doya1240,,,,,,Niger–Congo,Atlantic–Congo,6
1293,Koromfe,koro1298,,,,,,Niger–Congo,Gur,6
1295,So (Uganda),sooo1256,,,,,,Saharan,Kuliak,6
1319,Western Desert language (Wati),wati1241,,,,,,Pama–Nyungan,Wati,6
1331,Coatlan Mixe,coat1239,,,,,,Mixe–Zoque,Mixean,6
1348,Cabécar,cabe1245,,,,,,Chibchan,Core-Chibchan,6
1437,Crow,crow1244,,,,,,Siouan,Western Siouan,6
1449,Chinook Jargon,chin1272,,,,,,Chinookan-based creol,,6
1451,Ingrian,ingr1248,,,,,,Uralic,Finno-Ugric,6
1522,Sranan Tongo,sran1240,,,,,,English-based creole,,6
1567,Ik (Icetot),ikkk1242,,,,,,Nilo-Saharan,Kuliak,6
1640,Khoekhoe,khoe1242,,,,,,Khoe-Kwadi,Khoisan,6
17,Chirag Dargwa,chir1284,,,,,,Northeast Caucasian,Dargin,5
22,Mandaic,nucl1706,,,,,,Afro-Asiatic,Central Semitic,5
55,Sogdian,sogd1245,,,,,,Indo-European,Indo-Iranian,5
79,Lushei (Mizo),lush1249,,,,,,Sino-Tibetan,Kuki-Chin-Mizo,5
89,Maltese,malt1254,,,,,,Afro-Asiatic,West Semitic,5
132,Old Prussian,prus1238,,,,,,Indo-European,Baltic,5
265,Yazghulami,yazg1240,,,,,,Indo-European,Indo-Iranian,5
289,Ulchi,ulch1241,,,,,,Altaic,Manchu-Tungusic,5
309,Balochi,east2304,,,,,,Indo-European,Indo-Iranian,5
318,Wik-Mungkan,wikm1247,,,,,,Pama–Nyungan,Paman,5
394,Ingria Finnish,sout1743,,,,,,Uralic,Finno-Ugric,5
410,Djinang,djin1253,,,,,,Pama–Nyungan,Yolngu Matha,5
412,Northern Sotho,nort3233,,,,,,Atlantic–Congo,Benue–Congo,5
437,Wubuy (Nunggubuyu),nung1290,,,,,,Macro-Gunwinyguan,East Arnhem,5
508,Barbareño,barb1263,,,,,,Chumashan,Southern Chumashan,5
526,Highland Oaxaca Chontal,high1242,,,,,,Hokan,Tequistlatecan,5
570,Central Bolivian Quechua,sout2991,,,,,,Quechuan,Quechua II,5
613,Angami,anga1288,,,,,,Sino-Tibetan,Angami–Pochuri,5
619,Chácobo,chac1251,,,,,,Panoan,Mainline Panoan,5
627,Nung (Tai),nung1283,,,,,,Kra–Dai,Tai,5
652,Phong,phon1246,,,,,,Austroasiatic,Vietic,5
655,Mbunga,mbun1248,,,,,,Atlantic–Congo,Benue–Congo,5
663,Ayoreo,ayor1240,,,,,,Zamucoan,Ayoreo,5
678,Sui,suii1243,,,,,,Kra–Dai,Kam–Sui,5
689,Itonama,iton1250,,,,,,Itonama,,5
695,Iraqw,iraq1241,,,,,,Afro-Asiatic,Cushitic,5
696,Paez,paez1247,,,,,,Paez,,5
705,Hlai (Baoting),nucl1241,,,,,,Kra–Dai,Hlai,5
739,Yagua,yagu1244,,,,,,Peba–Yaguan,Yagua,5
741,Catuquina (Kanamarí),kana1291,,,,,,Harákmbut–Katukinan,Katukinian,5
750,Ninam,nina1238,,,,,,Yanomaman,Ninam,5
795,Alorese,alor1247,,,,,,Austronesian,Malayo-Polynesian,5
818,Votic,voti1245,,,,,,Uralic,Finno-Ugric,5
837,Scots,scot1243,,,,,,Indo-European,Germanic,5
868,Nyangumarta,nyan1303,,,,,,Pama–Nyungan,Marrngu,5
872,Mandinka,mand1436,,,,,,Mande,Western Mande,5
908,Kambera,kamb1299,,,,,,Austronesian,Malayo-Polynesian,5
915,Ibaloy,ibal1244,,,,,,Austronesian,Malayo-Polynesian,5
917,Ifugaw,ifug1247,,,,,,Austronesian,Malayo-Polynesian,5
922,Yami,yami1254,,,,,,Austronesian,Malayo-Polynesian,5
935,Puyuma,puyu1239,,,,,,Austronesian,Puyuma,5
939,Ngaju Dayak,ngaj1237,,,,,,Austronesian,Malayo-Polynesian,5
945,Chibcha (Muisca),chib1270,,,,,,Chibchan,Kuna-Colombian,5
946,Simeulue (Simalur),sime1241,,,,,,Austronesian,Malayo-Polynesian,5
960,Aklanon,akla1240,,,,,,Austronesian,Malayo-Polynesian,5
963,Bughotu (Bugotu),bugh1239,,,,,,Austronesian,Malayo-Polynesian,5
965,Hawu (Sabu),sabu1255,,,,,,Austronesian,Malayo-Polynesian,5
966,Tetum (Tetun),tetu1245,,,,,,Austronesian,Malayo-Polynesian,5
994,Lengua (Enlhet),nort2971,,,,,,Mascoian,Lengua,5
1029,Gorontalo,goro1259,,,,,,Austronesian,Malayo-Polynesian,5
1069,Yucatec Maya,yuca1254,,,,,,Mayan,Yucatecan,5
1074,Ignaciano,moxo1234,,,,,,Arawakan,Southern Arawakan,5
1094,Old Polish,oldp1256,,,,,,Indo-European,Slavic,5
1116,Barasana,bara1380,,,,,,Tucanoan,Eastern Tucanoan,5
1128,"Wanano (Guanano, Piratapuyo)",wana1272,,,,,,Tucanoan,Eastern Tucanoan,5
1193,Inkhokvari,inxo1238,,,,,,Northeast Caucasian,Tsezic,5
1212,Aymara,nucl1667,,,,,,Aymaran,Aymara,5
1215,Tehuelche,tehu1242,,,,,,Chonan,Chon proper,5
1244,Chickasaw,chic1270,,,,,,Muskogean,Western Muskogean,5
1262,Afar,,,,,,,Cushitic,afar1241,5
1291,Gbaya,gbay1279,,,,,,Niger–Congo,Volta-Congo,5
1302,"ǃKhong (ǃXóõ, Taa )",,,,,,,Khoisan,Tuu,5
1306,Wantoat,want1252,,,,,,Trans–New Guinea,Finisterre–Huon,5
1317,Diyari,dier1241,,,,,,Pama–Nyungan,Karnic,5
1330,Totontepec Mixe,toto1305,,,,,,Mixe–Zoque,Mixean,5
1338,Coast Tsimshian (Shm’algyack),coas1300,,,,,,Tsimshianic,Maritime Tsimshian,5
1440,Ga,gaaa1244,,,,,,Niger–Congo,Atlantic–Congo,5
1489,Yugambeh (Tweed-Albert Bandjalang),twee1234,,,,,,Pama–Nyungan,Bandjalangic,5
1575,Pacoh,paco1243,,,,,,Austroasiatic,Katuic,5
1596,Sindhi,sind1272,,,,,,Indo-European,Indo-Iranian,5
1687,Ubykh,ubyk1235,,,,,,Northwest Caucasian,Ubykh,5
25,Kayardild,kaya1319,,,,,,Tangkic,Kayardild,4
33,Zotung,zotu1235,,,,,,Sino-Tibetan,Kuki-Chin,4
53,Sabaic,saba1279,,,,,,Afro-Asiatic,West Semitic,4
54,Komi-Permyak,komi1269,,,,,,Uralic,Permic,4
65,Argobba,argo1244,,,,,,Afro-Asiatic,Ethiosemitic,4
74,Sardinian,sard1257,,,,,,Indo-European,Romance,4
104,Chang,chan1313,,,,,,Sino-Tibetan,Brahmaputran,4
227,Old Persian,oldp1254,,,,,,Indo-European,Indo-Iranian,4
315,Oroch,oroc1248,,,,,,Altaic,Manchu-Tungusic,4
327,Wakhi,wakh1245,,,,,,Indo-European,Indo-Iranian,4
332,Tocharian A,tokh1241,,,,,,Indo-European,Tocharian,4
334,Acehnese,achi1257,,,,,,Austronesian,Malayo-Polynesian,4
335,Zway,zayy1238,,,,,,Afro-Asiatic,Ethiosemitic,4
388,Tangut,tang1334,,,,,,Sino-Tibetan,Qiangic,4
426,Yupik,yupi1267,,,,,,Eskimo–Aleut,Eskimo,4
431,Kunwinjku,guma1252,,,,,,Arnhem,Gunwinyguan,4
432,Bandjalangic,band1339,,,,,,Pama–Nyungan,Southeastern Pama–Nyungan,4
434,Aranda,aran1263,,,,,,Pama–Nyungan,Arandic,4
442,Warumungu,waru1265,,,,,,Pama–Nyungan,Desert Nyungic,4
447,Forest Nenets,fore1266,,,,,,Uralic,Samoyedic,4
451,Cuicatec,cuic1234,,,,,,Oto-Manguean,Mixtecan,4
465,Kobon,kobo1249,,,,,,Trans–New Guinea,Madang,4
507,Ineseño,ines1240,,,,,,Chumashan,Southern Chumashan,4
513,Kawaiisu,kawa1283,,,,,,Uto-Aztecan,Numic,4
566,Wayuu (Guajiro),wayu1243,,,,,,Arawakan,Northern Arawakan,4
585,Kwakw’ala,kwak1269,,,,,,Wakashan,Northern Wakashan,4
601,Meriam (Eastern Torres Strait),meri1244,,,,,,Trans-Fly,Eastern Trans-Fly,4
616,Polci,nyam1284,,,,,,Afro-Asiatic,Chadic,4
618,Waurá,waur1244,,,,,,Arawakan,Southern Arawakan,4
620,Maonan,maon1241,,,,,,Kra–Dai,Kam–Sui,4
638,Yangliu,yang1304,,,,,,Sino-Tibetan,Lolo–Burmese,4
645,West Futuna (Futuna-Aniwa),futu1245,,,,,,Austronesian,Malayo-Polynesian,4
654,Mambwe,mamb1296,,,,,,Atlantic–Congo,Benue–Congo,4
656,Suba,suba1252,,,,,,Atlantic–Congo,Benue–Congo,4
664,Bulang (Blang),blan1242,,,,,,Austroasiatic,Khasi–Palaungic,4
698,Siona,sion1247,,,,,,Tucanoan,Western Tucanoan,4
701,Uncunwee (Ghulfan),ghul1238,,,,,,Eastern Sudanic,Astaboran,4
708,Kemie,kemi1240,,,,,,Austroasiatic,Khasi–Palaungic,4
743,Mocoví,moco1246,,,,,,Guaicuruan,Southern Guaicuruan,4
745,Buyang,buya1244,,,,,,Kra–Dai,Kra,4
746,Surin Khmer (Northern Khmer),nort2684,,,,,,Austroasiatic,Khmeric,4
755,Chong,chon1284,,,,,,Austroasiatic,Pearic,4
761,Nivaclé,niva1238,,,,,,Matacoan,Nivaclé,4
794,Aché,ache1246,,,,,,Tupian,Tupi–Guarani,4
801,Kumbewaha,kumb1274,,,,,,Austronesian,Malayo-Polynesian,4
836,Friulian,friu1240,,,,,,Indo-European,Romance,4
849,Penrhyn,penr1237,,,,,,Austronesian,Malayo-Polynesian,4
850,Vaeakau-Taumako (Pileni),pile1238,,,,,,Austronesian,Malayo-Polynesian,4
852,Sikaiana,sika1261,,,,,,Austronesian,Malayo-Polynesian,4
856,Rakahanga-Manihiki,raka1237,,,,,,Austronesian,Malayo-Polynesian,4
858,Kapingamarangi,kapi1249,,,,,,Austronesian,Malayo-Polynesian,4
859,Tokelau,toke1240,,,,,,Austronesian,Malayo-Polynesian,4
864,Khalaj,turk1303,,,,,,Altaic,Turkic,4
866,Salar,sala1264,,,,,,Altaic,Turkic,4
875,Vai,vaii1241,,,,,,Mande,Western Mande,4
887,Southern Bobo Mandaré,bobo1253,,,,,,Mande,Western Mande,4
905,Bunun,bunu1267,,,,,,Austronesian,Bunun,4
910,Tboli,tbol1240,,,,,,Austronesian,Malayo-Polynesian,4
911,Mapun (Bajaw),born1254,,,,,,Austronesian,Malayo-Polynesian,4
913,Hanunoo,hano1241,,,,,,Austronesian,Malayo-Polynesian,4
927,Sasak,sasa1249,,,,,,Austronesian,Malayo-Polynesian,4
932,Luang (Wetan),luan1263,,,,,,Austronesian,Malayo-Polynesian,4
933,Kei,keii1239,,,,,,Austronesian,Malayo-Polynesian,4
940,Nias,nias1242,,,,,,Austronesian,Malayo-Polynesian,4
942,Dairi-Pakpak Batak,bata1294,,,,,,Austronesian,Malayo-Polynesian,4
955,Saisiyat,sais1237,,,,,,Austronesian,Northwest Formosan,4
967,Kadazan Dusun,cent2100,,,,,,Austronesian,Malayo-Polynesian,4
989,Yaruro (Pumé),pume1238,,,,,,Yaruro,,4
990,Chiriguano (Eastern Bolivian Guaraní),chir1295,,,,,,Tupian,Tupi–Guarani,4
1012,Ngoreme (Ngurimi),ngur1263,,,,,,Atlantic–Congo,Benue–Congo,4
1014,Tarifit Berber,tari1263,,,,,,Afro-Asiatic,Berber,4
1019,Madurese,madu1247,,,,,,Austronesian,Malayo-Polynesian,4
1037,Alekano,alek1238,,,,,,Trans–New Guinea,Kainantu–Goroka,4
1039,Baruya (Yipma),baru1267,,,,,,Trans–New Guinea,Angan,4
1072,Lacandon,laca1243,,,,,,Mayan,Yucatecan,4
1099,Thalanyji,dhal1245,,,,,,Pama–Nyungan,Kanyara–Mantharta,4
1103,Sika,sika1262,,,,,,Austronesian,Malayo-Polynesian,4
1109,Witoto Mi̵ni̵ca,mini1256,,,,,,Bora–Witoto,Witoto–Ocaina,4
1118,Reta (Retta),rett1240,,,,,,Trans–New Guinea,Timor–Alor–Pantar,4
1130,Sierra Puebla Nahuatl (Sierra de Zacapoaxtla),high1278,,,,,,Uto-Aztecan,Nahuan,4
1209,Epena (Eperara),epen1239,,,,,,Chocoan,Emberá,4
1225,Lule Sami,lule1254,,,,,,Uralic,Sámi,4
1252,Levantine Arabic,leva1239,,,,,,Afro-Asiatic,West Semitic,4
1253,"Kawésqar (Qawasqar, Alacaluf)",qawa1238,,,,,,Alacalufan,Kawésqar,4
1287,Luganda,gand1255,,,,,,Niger–Congo,Benue–Congo,4
1290,Tem (Kotokoli),temm1241,,,,,,Niger–Congo,Gur,4
1296,Bagirmi,bagi1246,,,,,,Saharan,Central Sudanic,4
1318,Paakantyi (Darling language),darl1243,,,,,,Pama–Nyungan,Yarli–Baagandji,4
1329,Guahibo (Sikuaani),guah1254,,,,,,Guahiban,Guahibo,4
1335,Cubeo,cube1242,,,,,,Tucanoan,Central Tucanoan,4
1336,Matsés (Mayoruna),mats1244,,,,,,Panoan,Mayoruna,4
1343,Xavante,xava1240,,,,,,Macro-Jê,Jê,4
1354,Guayabero,guay1257,,,,,,Guajiboan,Southwest Guajiboan,4
1433,Achuar,achu1248,,,,,,Chicham (Jivaroan),Achuar,4
1450,Highland Chinantec,chin1488,,,,,,Oto-Mangue,Western Oto-Mangue,4
1456,Sicilian,sici1248,,,,,,Indo-European,Romance,4
1461,Limburgish,limb1263,,,,,,Indo-European,Germanic,4
1509,Lakalai,laka1255,,,,,,Austronesian,Malayo-Polynesian,4
1534,Wu Chinese,wuch1236,,,,,,Sino-Tibetan,Sinitic,4
1548,Muinane,muin1242,,,,,,Bora–Witoto,Boran,4
1551,Teochew (Chaozhou),chao1238,,,,,,Sino-Tibetan,Sinitic,4
1556,Khowar,khow1242,,,,,,Indo-European,Indo-Iranian,4
1557,Kashmiri,kash1277,,,,,,Indo-European,Indo-Iranian,4
1560,Texistepec,texi1237,,,,,,Mixe–Zoquean,Zoquean,4
1562,Eyak,eyak1241,,,,,,Na-Dene,Athabaskan–Eyak,4
1564,Yele (Rossel),yele1255,,,,,,Yele – West New Britain,Yele,4
1577,Akha,akha1245,,,,,,Sino-Tibetan,Lolo-Burmese,4
1611,Bora,bora1263,,,,,,Boran,Bora,4
1686,Ordos,ordo1245,,,,,,Altaic,Mongolic,4
4,Kodagu,koda1255,,,,,,Dravidian,South Dravidian,3
13,Uma,umaa1242,,,,,,Austronesian,Malayo-Polynesian,3
23,Tamang,tama1367,,,,,,Sino-Tibetan,Tamangic,3
42,Yugh,yugh1239,,,,,,Yeniseian,Northern Yeniseian,3
47,Selti,silt1240,,,,,,Afro-Asiatic,Ethiosemitic,3
56,Gedeo,gede1246,,,,,,Afro-Asiatic,Cushitic,3
58,Lango,lang1322,,,,,,Eastern Sudanic,Nilotic,3
63,Siraya,sira1267,,,,,,Austronesian,East Formosan,3
75,Talysh,taly1247,,,,,,Indo-European,Indo-Iranian,3
103,Kankanabu,kana1286,,,,,,Austronesian,Tsouic,3
150,Middle Mongolian,midd1351,,,,,,Altaic,Mongolic,3
264,Khwaresmian,khwa1238,,,,,,Indo-European,Indo-Iranian,3
275,Assyrian Neo-Aramaic,assy1241,,,,,,Afro-Asiatic,Central Semitic,3
291,Kuuk-Thaayorre (Thayore),thay1249,,,,,,Pama–Nyungan,Paman,3
302,Khumi,khum1248,,,,,,Sino-Tibetan,Kuki-Chin-Mizo,3
319,Endegany,inor1238,,,,,,Afro-Asiatic,Ethiosemitic,3
338,Muher,seba1251,,,,,,Afro-Asiatic,Ethiosemitic,3
347,Harari,hara1271,,,,,,Afro-Asiatic,Ethiosemitic,3
367,Ponapean (Pohnpeian),pohn1238,,,,,,Austronesian,Malayo-Polynesian,3
368,Hupa,hupa1239,,,,,,Na-Dené,Athabaskan,3
369,Kwamera,kwam1252,,,,,,Austronesian,Malayo-Polynesian,3
370,Old Czech,czec1258,,,,,,Indo-European,Slavic,3
377,Kiribati,gilb1244,,,,,,Austronesian,Malayo-Polynesian,3
385,Laz,lazz1240,,,,,,Kartvelian,Karto-Zan,3
386,Manang,mana1290,,,,,,Sino-Tibetan,Manang,3
387,Marshallese,mars1254,,,,,,Austronesian,Malayo-Polynesian,3
402,Walmajarri,walm1241,,,,,,Pama–Nyungan,Ngumpin–Yapa,3
407,Ngalakgan,ngal1293,,,,,,Arnhem,Gunwinyguan,3
423,Eastern Canadian Inuktitut,east2534,,,,,,Eskimo–Aleut,Eskimo,3
425,Pintupi-Luritja,pint1250,,,,,,Pama–Nyungan,Wati,3
427,Wagaya,waga1260,,,,,,Pama–Nyungan,Ngarna,3
466,Sau (Samberigi),samb1321,,,,,,Engan,South Engan,3
475,Waskia,wask1241,,,,,,Trans–New Guinea,Madang,3
502,Wikchamni,wikc1234,,,,,,Yok-Utian,Yokuts,3
504,Lake Miwok,lake1258,,,,,,Yok-Utian,Utian,3
505,Maidu,nort2952,,,,,,Maiduan,Maidu,3
506,Central Hill Nisenan,nise1244,,,,,,Maiduan,Nisenan,3
511,Wappo,wapp1239,,,,,,Yuki–Wappo,Wappo,3
514,Kitanemuk,serr1255,,,,,,Uto-Aztecan,Northern Uto-Aztecan,3
517,Quechan,quec1382,,,,,,Yuman,Core Yuman,3
530,Yankton-Yanktonai,nako1239,,,,,,Siouan,Western Siouan,3
531,Santee-Sisseton,dako1259,,,,,,Siouan,Western Siouan,3
534,Konkow (Northwest Maidu),nort2951,,,,,,Maiduan,Konkow,3
535,Serrano,serr1255,,,,,,Uto-Aztecan,Northern Uto-Aztecan,3
541,Tojolabal,tojo1241,,,,,,Mayan,Qʼanjobalan–Chujean,3
546,Orokaiva,orok1269,,,,,,Trans–New Guinea,Binanderean,3
549,Barai,nucl1630,,,,,,Trans–New Guinea,Koiarian,3
560,Seward Alaska Inupiatun,nort2945,,,,,,Eskimo–Aleut,Eskimo,3
562,Rek (Southwestern Dinka),rekk1238,,,,,,Eastern Sudanic,Nilotic,3
565,Chippewa (Minnesota Ojibwe),chip1241,,,,,,Algic,Algonquian,3
568,Ixil,ixil1251,,,,,,Mayan,Eastern Mayan,3
575,Alutiiq Alaskan Yupik,paci1278,,,,,,Eskimo–Aleut,Eskimo,3
577,Chavacano,chav1241,,,,,,Spanish-based creole,,3
581,Maguindanao,magu1243,,,,,,Austronesian,Malayo-Polynesian,3
584,Nootka (Nuu-chah-nulth),nuuc1236,,,,,,Wakashan,Southern Wakashan,3
595,Lingala,ling1263,,,,,,Atlantic–Congo,Benue–Congo,3
607,Cashibo,cash1251,,,,,,Panoan,Mainline Panoan,3
608,Maca,maca1260,,,,,,Matacoan,Maca,3
631,Wa,waaa1245,,,,,,Austroasiatic,Khasi–Palaungic,3
633,Lotha,loth1237,,,,,,Sino-Tibetan,Lotha,3
637,Mangdi,sout3210,,,,,,Sino-Tibetan,Lolo–Burmese,3
646,Pukapukan,puka1242,,,,,,Austronesian,Malayo-Polynesian,3
650,"Manang (Manange, Nyishang)",mana1288,,,,,,Sino-Tibetan,Manang,3
659,Favorlang,favo1235,,,,,,Austronesian,Western Plains Formosan,3
675,Wetarese (Ili'uun),weta1245,,,,,,Austronesian,Malayo-Polynesian,3
676,Teiwa,teiw1236,,,,,,Trans–New Guinea,Timor–Alor–Pantar,3
707,Khasi,khas1269,,,,,,Austroasiatic,Khasi–Palaungic,3
713,Chuka (Meru),mwim1241,,,,,,Atlantic–Congo,Benue–Congo,3
715,Gusii,gusi1247,,,,,,Atlantic–Congo,Benue–Congo,3
716,Kwere,kwer1261,,,,,,Atlantic–Congo,Benue–Congo,3
719,Mwera,mwer1248,,,,,,Atlantic–Congo,Benue–Congo,3
723,Rundi,rund1242,,,,,,Atlantic–Congo,Benue–Congo,3
740,Cavineña,cavi1250,,,,,,Pano–Tacanan,Tacanan,3
744,Chorote (Iyo'wujwa Chorote),iyow1239,,,,,,Matacoan,Chorote,3
752,Prai (Phai),phai1238,,,,,,Austroasiatic,Khmuic,3
753,Cuoi (Thổ),cuoi1242,,,,,,Austroasiatic,Vietic,3
756,Tai Khün,khun1259,,,,,,Kra–Dai,Tai,3
763,Ngaanyatjarra,ngaa1240,,,,,,Pama–Nyungan,Wati,3
764,Wathawurrung,wath1238,,,,,,Pama–Nyungan,Kulinic,3
769,Awa (New Guinea),awap1236,,,,,,Trans–New Guinea,Kainantu–Goroka,3
774,Fore,fore1270,,,,,,Trans–New Guinea,Kainantu–Goroka,3
777,Inoke-Yate,inok1238,,,,,,Trans–New Guinea,Kainantu–Goroka,3
785,Yaweyuha,yawe1241,,,,,,Trans–New Guinea,Kainantu–Goroka,3
787,Lakkia,lakk1238,,,,,,Kra–Dai,Lakkia,3
806,Macushi,macu1259,,,,,,Cariban,Venezuelan Carib,3
814,North Alaskan Inupiatun,nort2943,,,,,,Eskimo–Aleut,Eskimo,3
815,Western Canadian Inuit,west2618,,,,,,Eskimo–Aleut,Eskimo,3
846,Kalam,kala1397,,,,,,Trans–New Guinea,Madang,3
847,Emae,emae1237,,,,,,Austronesian,Malayo-Polynesian,3
854,Rapa,rapa1245,,,,,,Austronesian,Malayo-Polynesian,3
876,Kakabe,kaka1265,,,,,,Mande,Western Mande,3
890,"Juǀʼhoan (South-Eastern Ju, Zhuǀ'hoan)",juho1239,,,,,,Khoisan,Kxʼa,3
899,Old Tamil,oldt1248,,,,,,Dravidian,Southern Dravidian,3
923,Atayal,atay1247,,,,,,Austronesian,Atayalic,3
930,Mandar,mand1442,,,,,,Austronesian,Malayo-Polynesian,3
947,Bintulu,bint1246,,,,,,Austronesian,Malayo-Polynesian,3
962,Kavalan,kava1241,,,,,,Austronesian,East Formosan,3
971,Kenyah,main1275,,,,,,Austronesian,Malayo-Polynesian,3
974,Binukid (Bukid),binu1244,,,,,,Austronesian,Malayo-Polynesian,3
985,Dedua,dedu1240,,,,,,Trans–New Guinea,Finisterre–Huon,3
1015,Lamboya,lamb1273,,,,,,Austronesian,Malayo-Polynesian,3
1020,Seediq,taro1264,,,,,,Austronesian,Atayalic,3
1025,Lau (Malaita island),lauu1247,,,,,,Austronesian,Malayo-Polynesian,3
1031,Kalamian Tagbanwa,cala1258,,,,,,Austronesian,Malayo-Polynesian,3
1046,Mum,mumm1238,,,,,,Trans–New Guinea,Madang,3
1071,Mopan Maya,mopa1243,,,,,,Mayan,Yucatecan,3
1079,Kedang,keda1252,,,,,,Austronesian,Malayo-Polynesian,3
1082,Kelabit,kela1258,,,,,,Austronesian,Malayo-Polynesian,3
1084,Kwaio,kwai1243,,,,,,Austronesian,Malayo-Polynesian,3
1087,Berawan,bera1264,,,,,,Austronesian,Malayo-Polynesian,3
1095,Komodo,komo1261,,,,,,Austronesian,Malayo-Polynesian,3
1096,Gurdjar (Kurtjar),ribg1235,,,,,,Pama–Nyungan,Paman,3
1100,Mantharta (Warriyangga),mant1266,,,,,,Pama–Nyungan,Kanyara–Mantharta,3
1101,Trinitario,moxo1234,,,,,,Arawakan,Southern Arawakan,3
1108,Witoto Murui,muru1274,,,,,,Bora–Witoto,Witoto–Ocaina,3
1113,Resígaro,resi1247,,,,,,Arawakan,Northern Arawakan,3
1114,Nukak,kaku1242,,,,,,Puinave-Maku,Northwestern Puinave-Maku,3
1138,Adang,adan1252,,,,,,Trans–New Guinea,Timor–Alor–Pantar,3
1139,Bima (Austronesian),bima1247,,,,,,Austronesian,Malayo-Polynesian,3
1140,Bunak,buna1278,,,,,,Trans–New Guinea,Timor–Alor–Pantar,3
1149,Ocaina,ocai1244,,,,,,Bora–Huitoto,Huitoto–Ocaina,3
1150,"Yahgan (Yagán, Yámana)",yama1264,,,,,,Yahgan,,3
1155,Meixian Hakka Chinese,yuet1238,,,,,,Sino-Tibetan,Sinitic,3
1168,Tae',taee1237,,,,,,Austronesian,Malayo-Polynesian,3
1184,Western Yugur,west2402,,,,,,Altaic,Turkic,3
1194,Tocharian B,tokh1243,,,,,,Indo-European,Tocharian,3
1202,"Western Pantar (Tubbe, Lamma)",lamm1241,,,,,,Trans–New Guinea,Timor–Alor–Pantar,3
1211,Yavitero (Paraene),yavi1244,,,,,,Arawakan,Northern Arawakan,3
1228,Sizaki (Shashi),siza1240,,,,,,Atlantic–Congo,Benue–Congo,3
1275,"Uldeme (Ouldémé, Wuzlam)",,,,,,,Afro-Asiatic,Chadic,3
1282,Nancowry,nanc1247,,,,,,Austroasiatic,Nicobarese,3
1284,Gedaged,geda1237,,,,,,Austronesian,Malayo-Polynesian,3
1286,Kusaal (Kusasi),kusa1250,,,,,,Niger–Congo,Atlantic–Congo,3
1288,Shingazidja (Comorian),como1260,,,,,,Niger–Congo,Benue–Congo,3
1332,Soteapanec (Sierra Popoluca),high1276,,,,,,Mixe–Zoque,Zoquean,3
1333,Chiapas Zoque (Copainalá Zoque),copa1236,,,,,,Mixe–Zoque,Zoquean,3
1342,Puelche (Gününa Küne),puel1244,,,,,,Chonan,Puelche–Het,3
1353,Mapuche (Mapudungun),mapu1245,,,,,,Araucanian,Mapuche,3
1362,Tapirapé (Apyãwa),tapi1254,,,,,,Tupian,Tupí–Guaraní,3
1390,Anuta,anut1237,,,,,,Austronesian,Malayo-Polynesian,3
1393,Opuo (Opo),opuu1239,,,,,,Nilo-Saharan,Komuz,3
1394,Komo (Nilo-Saharan),komo1238,,,,,,Nilo-Saharan,Komuz,3
1406,Ekoka !Xung (North-Central Ju),kung1261,,,,,,Khoisan,Peripheral Khoisan,3
1410,Mattole–Bear River,matt1238,,,,,,Na-Dené,Athabaskan,3
1412,Central Ahtena,ahte1237,,,,,,Na-Dené,Athabaskan,3
1413,Dogrib,dogr1252,,,,,,Na-Dené,Athabaskan,3
1414,North Slavey,nort2942,,,,,,Na-Dené,Athabaskan,3
1419,Koyukon,koyu1237,,,,,,Na-Dené,Athabaskan,3
1443,Bravanese (Chimwiini),chim1312,,,,,,Niger–Congo,Benue–Congo,3
1460,Witoto Ni̵pode (Nüpode Huitoto),nupo1240,,,,,,Witotoan,Witoto,3
1508,Bilba (Rotinese),bilb1242,,,,,,Austronesian,Malayo-Polynesian,3
1523,Gulf Arabic,gulf1241,,,,,,Afro-Asiatic,West Semitic,3
1544,Yorta Yorta,yort1237,,,,,,Pama–Nyungan,Yotayotic,3
1563,Ekari (Kapauku),ekar1243,,,,,,Trans–New Guinea,West Trans–New Guinea,3
1565,Gizzra,gizr1240,,,,,,Trans-Fly,Eastern Trans-Fly,3
1569,Ewe,ewee1241,,,,,,Niger–Congo,Atlantic–Congo,3
1576,Naxi,naxi1245,,,,,,Sino-Tibetan,Lolo-Burmese,3
1633,Kikuyu,kiku1240,,,,,,Niger–Congo,Atlantic–Congo,3
1653,Kurmanji Kurdish,nort2641,,,,,,Indo-European,Indo-Iranian,3
1660,Lepcha,lepc1244,,,,,,Sino-Tibetan,Tibeto-Burman,3
1681,Coeur d'Alene,coeu1236,,,,,,Salishan,Interior Salish,3
1717,Cheke Holo (Maringe),chek1238,,,,,,Austronesian,Malayo-Polynesian,3
1,Svan,svan1243,,,,,,Kartvelian,Svan,2
5,Old Chinese,oldc1244,,,,,,Sino-Tibetan,Sinitic,2
8,Tha'oa,,,,,,,Sino-Tibetan,Maraic,2
15,Paamese,paam1238,,,,,,Austronesian,Malayo-Polynesian,2
26,Gogot,sodd1242,,,,,,Afro-Asiatic,Ethiosemitic,2
50,Tsangla,tsha1245,,,,,,Sino-Tibetan,Tibeto-Kanauri,2
61,Timogon-Murut,timu1262,,,,,,Austronesian,Malayo-Polynesian,2
66,Bilin,bili1260,,,,,,Afro-Asiatic,Cushitic,2
68,Sulung,sulu1241,,,,,,Sino-Tibetan,Kho-Bwa,2
73,Arin,arin1243,,,,,,Yeniseian,Arin–Pumpokol,2
82,Mao,naga1397,,,,,,Sino-Tibetan,Angami–Pochuri,2
90,Kambata,kamb1316,,,,,,Afro-Asiatic,Cushitic,2
96,Luwian,luvi1235,,,,,,Indo-European,Anatolian,2
97,Kipchak,kipc1239,,,,,,Altaic,Turkic,2
101,Montenegrin,mont1282,,,,,,Indo-European,Slavic,2
106,Dangaleat,dang1274,,,,,,Afro-Asiatic,Chadic,2
191,Inxokvari,inxo1238,,,,,,Northeast Caucasian,Tsezic,2
254,Baonan,bona1250,,,,,,Altaic,Mongolic,2
268,Munji,munj1244,,,,,,Indo-European,Indo-Iranian,2
274,Old Tupian,,,,,,,Tupian,Tupí–Guarani,2
283,Atakapa,atak1252,,,,,,Atakapa,,2
292,Ennemor,inor1238,,,,,,Afro-Asiatic,Ethiosemitic,2
298,Sariqoli,sari1246,,,,,,Indo-European,Indo-Iranian,2
300,Nocte,noct1238,,,,,,Sino-Tibetan,Brahmaputran,2
301,Sawai,sawa1247,,,,,,Austronesian,Malayo-Polynesian,2
311,Megrelian,ming1252,,,,,,Kartvelian,Karto-Zan,2
336,Chepang,chep1245,,,,,,Sino-Tibetan,Chepangic,2
344,Kemant,qima1242,,,,,,Afro-Asiatic,Cushitic,2
346,Kuria,kuri1259,,,,,,Atlantic–Congo,Benue–Congo,2
354,Yidgha,yidg1240,,,,,,Indo-European,Indo-Iranian,2
358,Solon,solo1263,,,,,,Altaic,Manchu-Tungusic,2
359,Ormuri,ormu1247,,,,,,Indo-European,Indo-Iranian,2
361,Tangsa,tase1235,,,,,,Sino-Tibetan,Brahmaputran,2
373,Khotanese,khot1251,,,,,,Indo-European,Indo-Iranian,2
384,Idu,idum1241,,,,,,Sino-Tibetan,Greater Siangic,2
406,Alyawarr,alya1239,,,,,,Pama–Nyungan,Arandic,2
408,Wolof,nucl1347,,,,,,Atlantic–Congo,Atlantic,2
415,Kumak,kuma1276,,,,,,Austronesian,Malayo-Polynesian,2
416,Araki,arak1252,,,,,,Austronesian,Malayo-Polynesian,2
424,Lardil,lard1243,,,,,,Tangkic,Lardil,2
428,Yawuru,yawu1244,,,,,,Nyulnyulan,Eastern Nyulnyulan,2
430,Ganggalida,gang1267,,,,,,Tangkic,Yukulta,2
438,Warluwara,warl1256,,,,,,Pama–Nyungan,Ngarna,2
448,Old Welsh,oldw1239,,,,,,Indo-European,Celtic,2
458,Duna,duna1248,,,,,,Trans–New Guinea,Duna–Pogaya,2
462,Daga,daga1275,,,,,,Trans–New Guinea,Dagan,2
467,Fasu,fasu1242,,,,,,Trans–New Guinea,Kikorian,2
473,Yenimu (South Awyu),sout2941,,,,,,Trans–New Guinea,Greater Awyu,2
498,Tho (Tày),tayy1238,,,,,,Kra–Dai,Tai,2
500,Molala,mola1238,,,,,,Plateau Penutian,Molala,2
510,Yuki,yuki1243,,,,,,Yuki–Wappo,Yuki,2
516,Maricopa,mari1440,,,,,,Yuman,Core Yuman,2
520,Ko’alh,kwat1246,,,,,,Yuman,Core Yuman,2
523,Kiliwa,kili1268,,,,,,Yuman–Cochimí,Kiliwa,2
524,Cochimi,coch1272,,,,,,Yuman–Cochimí,Cochimi,2
527,Lowland Oaxaca Chontal,lowl1260,,,,,,Hokan,Tequistlatecan,2
533,Menominee,meno1252,,,,,,Algic,Algonquian,2
548,Gaina,gain1243,,,,,,Trans–New Guinea,Binanderean,2
552,Suena,suen1241,,,,,,Trans–New Guinea,Binanderean,2
555,Aeka,aeka1244,,,,,,Trans–New Guinea,Binanderean,2
561,Bube,bube1242,,,,,,Atlantic–Congo,Benue–Congo,2
563,Bor (Southeastern Dinka),borr1242,,,,,,Eastern Sudanic,Nilotic,2
574,Kerek,kere1280,,,,,,Chukotko-Kamchatkan,Chukotkan,2
587,Oowekyala,oowe1239,,,,,,Wakashan,Northern Wakashan,2
588,Heiltsuk,bell1263,,,,,,Wakashan,Northern Wakashan,2
589,Haisla,hais1244,,,,,,Wakashan,Northern Wakashan,2
625,Lish,lish1235,,,,,,Kho-Bwa,Lish,2
628,Mulam,mula1253,,,,,,Kra–Dai,Kam–Sui,2
634,Tangkhul,tang1336,,,,,,Sino-Tibetan,Tangkhulic,2
660,Jingpho (Kachin),jing1260,,,,,,Sino-Tibetan,Sal,2
666,Warembori,ware1253,,,,,,Lower Mamberamo,Warembori,2
677,Tii,tiii1241,,,,,,Austronesian,Malayo-Polynesian,2
687,Iduh (O’du),oduu1239,,,,,,Austroasiatic,Khmuic,2
691,Tsudakhar Dargwa,cuda1238,,,,,,Northeast Caucasian,Dargin,2
697,Cayapa (Cha'palaa),chac1249,,,,,,Barbacoan,Southern Barbacoan,2
704,Kam,kami1255,,,,,,Kra–Dai,Kam–Sui,2
709,Palaung,pala1336,,,,,,Austroasiatic,Khasi–Palaungic,2
711,Mang (Austroasiatic),mang1378,,,,,,Austroasiatic,Mangic,2
712,Bungu,bung1265,,,,,,Atlantic–Congo,Benue–Congo,2
714,Fipa,fipa1238,,,,,,Atlantic–Congo,Benue–Congo,2
721,Nyamwezi,nyam1276,,,,,,Atlantic–Congo,Benue–Congo,2
722,Pangwa,pang1287,,,,,,Atlantic–Congo,Benue–Congo,2
728,Bauzi,bauz1241,,,,,,East Geelvink Bay,Bauzi–Demisa,2
729,Berik,beri1254,,,,,,Foja Range,Orya–Tor,2
730,Biritai,biri1259,,,,,,Lakes Plain,Central Lakes Plain,2
734,Orya,orya1242,,,,,,Foja Range,Orya–Tor,2
737,Zuni,zuni1245,,,,,,Zuni,,2
748,Mamaindé (Northern Nambikwara),nort3153,,,,,,Nambikwaran,Mamaindé,2
749,Kashinawa,cash1252,,,,,,Pano–Tacanan,Panoan,2
751,Gelao (Kelao),gela1265,,,,,,Kra–Dai,Kra,2
758,Southern Sami,sout2674,,,,,,Uralic,Sami,2
765,Orejón,orej1242,,,,,,Tucanoan,Western Tucanoan,2
770,Awiyaana,awiy1238,,,,,,Trans–New Guinea,Kainantu–Goroka,2
771,Benabena,bena1264,,,,,,Trans–New Guinea,Kainantu–Goroka,2
772,Dano,dano1240,,,,,,Trans–New Guinea,Kainantu–Goroka,2
773,Folopa,folo1238,,,,,,Trans–New Guinea,Teberan–Pawaian,2
775,Gadsup,gads1258,,,,,,Trans–New Guinea,Kainantu–Goroka,2
776,Gimi,gimi1243,,,,,,Trans–New Guinea,Kainantu–Goroka,2
778,Kamano,kama1370,,,,,,Trans–New Guinea,Kainantu–Goroka,2
782,North Tairoa,nort2920,,,,,,Trans–New Guinea,Kainantu–Goroka,2
783,Tokano,toka1244,,,,,,Trans–New Guinea,Kainantu–Goroka,2
784,Yagaria,yaga1260,,,,,,Trans–New Guinea,Kainantu–Goroka,2
796,Dhao,dhao1237,,,,,,Austronesian,Malayo-Polynesian,2
797,Riffian (Tarifiyt),tari1263,,,,,,Afro-Asiatic,Berber,2
798,Rongga,rong1269,,,,,,Austronesian,Malayo-Polynesian,2
799,Ndali,ndal1241,,,,,,Atlantic–Congo,Benue–Congo,2
802,Pancana,panc1247,,,,,,Austronesian,Malayo-Polynesian,2
803,Mongsen Ao,mong1332,,,,,,Sino-Tibetan,Ao,2
807,Bit (Pusing),bitt1240,,,,,,Austroasiatic,Khasi–Palaungic,2
808,Fali Mucella,fali1285,,,,,,Afro-Asiatic,Chadic,2
810,Apulia-Calabrian Greek,apul1236,,,,,,Indo-European,Greek,2
813,Susu,susu1250,,,,,,Mande,Western Mande,2
816,Ogea,ogea1238,,,,,,Trans–New Guinea,Madang,2
819,Muskogee (Creek),cree1270,,,,,,Muskogean,Eastern Muskogean,2
823,Chulym,chul1246,,,,,,Altaic,Turkic,2
824,Zazaki,zaza1246,,,,,,Indo-European,Indo-Iranian,2
828,Nimo,nimo1247,,,,,,Arai–Samaia,Left May (Arai),2
831,Khams Tibetan,kham1299,,,,,,Sino-Tibetan,Bodic,2
834,Qiandong Miao (Hmu),east2369,,,,,,Hmong–Mien,Hmongic,2
838,Wapishana,wapi1253,,,,,,Arawakan,Northern Arawakan,2
862,Anglo-Norman,angl1258,,,,,,Indo-European,Romance,2
865,Urum,urum1249,,,,,,Altaic,Turkic,2
867,Nukumanu,nuku1258,,,,,,Austronesian,Malayo-Polynesian,2
878,Kassonke (Khassonké),xaas1235,,,,,,Mande,Western Mande,2
879,Maninka,mani1303,,,,,,Mande,Western Mande,2
886,Guro,guro1248,,,,,,Mande,Eastern Mande,2
893,Ma'di,madi1260,,,,,,Central Sudanic,Moru–Madi,2
907,Rejang,reja1240,,,,,,Austronesian,Malayo-Polynesian,2
912,Tiruray,tiru1241,,,,,,Austronesian,Malayo-Polynesian,2
938,Tausug,taus1251,,,,,,Austronesian,Malayo-Polynesian,2
943,Wariʼ (Orowari),wari1268,,,,,,Chapacuran,Wari,2
948,Ida'an Begak,idaa1241,,,,,,Austronesian,Malayo-Polynesian,2
949,Mamanwa,mama1275,,,,,,Austronesian,Malayo-Polynesian,2
950,Chamorro,cham1312,,,,,,Austronesian,Malayo-Polynesian,2
953,Futunan,east2447,,,,,,Austronesian,Malayo-Polynesian,2
957,Remontado,remo1247,,,,,,Austronesian,Malayo-Polynesian,2
958,Romblomanon,romb1245,,,,,,Austronesian,Malayo-Polynesian,2
970,Buli (Indonesia),buli1255,,,,,,Austronesian,Malayo-Polynesian,2
972,Wallisian (East Uvea),wall1257,,,,,,Austronesian,Malayo-Polynesian,2
975,Blaan (Koronadal),,,,,,,Austronesian,Malayo-Polynesian,2
979,Som,somm1240,,,,,,Trans–New Guinea,Finisterre–Huon,2
991,Maca (Maká),maca1260,,,,,,Matacoan,Maká,2
1004,Karekare (Karai-Karai),kare1348,,,,,,Afro-Asiatic,Chadic,2
1006,Ngamo,ngam1282,,,,,,Afro-Asiatic,Chadic,2
1021,Saaroa,saar1237,,,,,,Austronesian,Tsouic,2
1022,Trukese (Chuukese),chuu1238,,,,,,Austronesian,Malayo-Polynesian,2
1023,Tsou,tsou1248,,,,,,Austronesian,Tsouic,2
1024,Tukang Besi,tuka1247,,,,,,Austronesian,Malayo-Polynesian,2
1035,Yulparija,yulp1239,,,,,,Pama–Nyungan,Wati,2
1053,Uyajitaya (Duduela),dudu1240,,,,,,Trans–New Guinea,Madang,2
1061,Araona,arao1248,,,,,,Pano–Tacanan,Tacanan,2
1064,West Uvea,west1216,,,,,,Austronesian,Malayo-Polynesian,2
1065,Cayuvava,cayu1262,,,,,,Cayuvava,,2
1068,Wetarese (Erai),weta1245,,,,,,Austronesian,Malayo-Polynesian,2
1070,Itza,itza1241,,,,,,Mayan,Yucatecan,2
1075,Toba Qom,toba1269,,,,,,Guaicuruan,Southern Guaicuruan,2
1077,Kamayurá,kama1373,,,,,,Tupian,Tupi–Guarani,2
1081,Klata (Giangan),gian1241,,,,,,Austronesian,Malayo-Polynesian,2
1085,Mota,mota1237,,,,,,Austronesian,Malayo-Polynesian,2
1086,Batak Simalungun,bata1288,,,,,,Austronesian,Malayo-Polynesian,2
1089,Kosraean,kosr1238,,,,,,Austronesian,Malayo-Polynesian,2
1090,Gilbertese,gilb1244,,,,,,Austronesian,Malayo-Polynesian,2
1098,"Burduna (Bayungu, Payungu)",bayu1249,,,,,,Pama–Nyungan,Kanyara–Mantharta,2
1117,Langja Buyang (E'ma Buyang),emab1235,,,,,,Tai-Kadai,Kadaic,2
1119,Kambowa,kamb1300,,,,,,Austronesian,Malayo-Polynesian,2
1120,Lasalimu,lasa1237,,,,,,Austronesian,Malayo-Polynesian,2
1124,"Awa (Awa Pit, Cuaiquer)",awac1239,,,,,,Barbacoan,Awan,2
1125,Carapana,cara1272,,,,,,Tucanoan,Eastern Tucanoan,2
1131,Zacatepec Chatino,zaca1242,,,,,,Oto-Manguean,Zapotecan,2
1134,Mashco Piro,mash1270,,,,,,Arawakan,Southern Arawakan,2
1136,Kirya-Konzəl (Fali Kiria),kiry1234,,,,,,Afro-Asiatic,Chadic,2
1144,Idate (Idalaka ),east2733,,,,,,Austronesian,Malayo-Polynesian,2
1148,Chami Emberá,uppe1440,,,,,,Chocoan,Emberá,2
1157,Ceq Wong (Cheq Wong),chew1245,,,,,,Austroasiatic,Aslian,2
1164,Western Bukidnon Manobo,west2555,,,,,,Austronesian,Malayo-Polynesian,2
1166,Sa'ban,saba1265,,,,,,Austronesian,Malayo-Polynesian,2
1170,Yamdena,yamd1240,,,,,,Austronesian,Malayo-Polynesian,2
1175,Asilulu,asil1242,,,,,,Austronesian,Malayo-Polynesian,2
1182,Sartang,sart1249,,,,,,Sino-Tibetan,Kho-Bwa,2
1183,Sherdukpen,sher1257,,,,,,Sino-Tibetan,Kho-Bwa,2
1188,Northern Bashkardi,bash1263,,,,,,Indo-European,Indo-Iranian,2
1196,Wardandi,nyun1247,,,,,,Pama–Nyungan,Nyungic,2
1199,Apali (Emerum),apal1256,,,,,,Trans–New Guinea,Madang,2
1213,Chipaya,chip1262,,,,,,Uru–Chipaya,Chipaya,2
1214,"Tsimané (Mosetén, Chimane)",mose1249,,,,,,Moseten–Chonan,Chimane,2
1216,Selknam (Ona),onaa1245,,,,,,Chonan,Chon proper,2
1219,Gujarati,guja1252,,,,,,Indo-European,Indo-Iranian,2
1233,Tswana,tswa1253,,,,,,Atlantic–Congo,Benue–Congo,2
1234,Hiri Motu,hiri1237,,,,,,Motu-based pidgin,,2
1237,She,shee1238,,,,,,Hmong–Mien,Hmongic,2
1240,Okinawan,cent2126,,,,,,Altaic,Japonic,2
1241,Middle Low German,midd1318,,,,,,Indo-European,Germanic,2
1250,Kolyma (Southern) Yukaghir,sout2750,,,,,,Yukaghir,,2
1255,Dagur,daur1238,,,,,,Altaic,Mongolic,2
1259,Ugaritic,ugar1238,,,,,,Semitic,Afro-Asiatic,2
1260,Pilagá,pila1245,,,,,,Guaicuruan,Southern Guaicuruan,2
1280,Tshangla (Monpa Dirang),tsha1247,,,,,,Sino-Tibetan,Kanauri,2
1307,Komnzo,komn1238,,,,,,Yam,Tonda,2
1310,Maybrat,mayb1239,,,,,,Maybrat,,2
1322,Djambarrpuyngu,djam1256,,,,,,Pama–Nyungan,Yolŋu,2
1324,"Turrbal (Turubul, Durubul)",yaga1256,,,,,,Pama–Nyungan,Durubalic,2
1344,Maxakalí,west2636,,,,,,Macro-Jê,Maxakalian,2
1346,Barí (Colombia),bari1297,,,,,,Chibchan,Chibcha–Motilon,2
1359,Seneca,sene1264,,,,,,Iroquoian,Northern Iroquoian,2
1367,Daw,daww1239,,,,,,Nadahup,Daw,2
1373,Southeastern Pomo,sout2982,,,,,,Pomoan,Southeastern Pomo,2
1379,Mabaan (Southern Burun),maba1272,,,,,,Nilo-Saharan,Eastern Sudanic,2
1380,Shilluk,shil1265,,,,,,Nilo-Saharan,Eastern Sudanic,2
1381,Anywa (Anuak),anua1242,,,,,,Nilo-Saharan,Eastern Sudanic,2
1401,Chimariko,chim1301,,,,,,Hokan,Chimariko,2
1407,ǀXam,xamm1241,,,,,,Khoisan,Peripheral Khoisan,2
1408,ǀǀNg!ke,ngke1238,,,,,,Khoisan,Peripheral Khoisan,2
1415,Tanacross,tana1290,,,,,,Na-Dené,Athabaskan,2
1422,Mesa Grande 'Iipay,ipai1239,,,,,,Hokan,Yuman,2
1425,Cahuilla,cahu1264,,,,,,Uto-Aztecan,Northern Uto-Aztecan,2
1427,Western Shoshoni,west2622,,,,,,Uto-Aztecan,Numic,2
1434,Old Spanish,olds1249,,,,,,Indo-European,Romance,2
1446,Ngan'gi,nang1259,,,,,,Southern Daly,Ngan&#39;gi,2
1447,Naukan Siberian Yupik,nauk1242,,,,,,Eskimo–Aleut,Eskimo,2
1455,Cape Verdean Creole,kabu1256,,,,,,Portuguese-based creole,,2
1470,Moroccan Arabic,moro1292,,,,,,Afro-Asiatic,West Semitic,2
1482,Santali,sant1410,,,,,,Austroasiatic,Munda,2
1490,Murrinh-patha,murr1258,,,,,,Southern Daly,Murrinh-patha,2
1500,Melanau (Mukah),muka1237,,,,,,Austronesian,Malayo-Polynesian,2
1506,Banggai,bang1368,,,,,,Austronesian,Malayo-Polynesian,2
1510,Toʼabaita (Toqabaqita),toab1237,,,,,,Austronesian,Malayo-Polynesian,2
1511,Wayan (Western Fijian),west2519,,,,,,Austronesian,Malayo-Polynesian,2
1540,Gunya,guny1241,,,,,,Pama–Nyungan,Maric,2
1545,Chimila,chim1309,,,,,,Chibchan,Arwako–Chimila,2
1547,Lamaholot,lama1277,,,,,,Austronesian,Malayo-Polynesian,2
1550,Mòcheno,moch1255,,,,,,Indo-European,Germanic,2
1566,Sandawe,sand1273,,,,,,Khoisan,Sandawe,2
1568,Nandi,nand1266,,,,,,Nilo-Saharan,Eastern Sudanic,2
1574,Katu (Low Katu),west2398,,,,,,Austroasiatic,Katuic,2
1578,Tal,tall1250,,,,,,Afro-Asiatic,Chadic,2
1579,Kabyle,kaby1243,,,,,,Afro-Asiatic,Berber,2
1584,Lisu,lisu1250,,,,,,Sino-Tibetan,Lolo-Burmese,2
1588,Swazi,swat1243,,,,,,Niger–Congo,Atlantic–Congo,2
1593,Nehan (Nissan),neha1247,,,,,,Austronesian,Malayo-Polynesian,2
1595,Palana,pala1340,,,,,,Chukotko-Kamchatkan,Chukotkan,2
1597,Old Saxon,olds1250,,,,,,Indo-European,Germanic,2
1598,Coptic,copt1239,,,,,,Afro-Asiatic,Egyptian,2
1601,Magahi,maga1260,,,,,,Indo-European,Indo-Iranian,2
1602,Ushojo,usho1238,,,,,,Indo-European,Indo-Iranian,2
1607,Tutelo,tute1247,,,,,,Siouan,Western Siouan,2
1609,Kashubian,kash1274,,,,,,Indo-European,Slavic,2
1610,Middle Dutch,,,,,,,Indo-European,Germanic,2
1616,Meruimenti,imen1238,,,,,,Niger–Congo,Atlantic–Congo,2
1622,Taos,nort1550,,,,,,Tanoan,Tiwa,2
1626,Nend,nend1239,,,,,,Trans–New Guinea,Madang,2
1627,Panyjima,pany1241,,,,,,Pama–Nyungan,Ngayarda,2
1630,Amarasi,amar1273,,,,,,Austronesian,Malayo-Polynesian,2
1635,Inanwatan (Suabo),suab1238,,,,,,Trans–New Guinea,Berau Gulf,2
1637,Mirandese,mira1251,,,,,,Indo-European,Romance,2
1642,Doe,doee1238,,,,,,Niger–Congo,Atlantic–Congo,2
1652,Sorani Kurdish,cent1972,,,,,,Indo-European,Indo-Iranian,2
1662,Slovincian,slov1270,,,,,,Indo-European,Slavic,2
2,Gude,gude1246,,,,,,Afro-Asiatic,Chadic,1
12,Burji,burj1242,,,,,,Afro-Asiatic,Cushitic,1
16,Assan,assa1266,,,,,,Yeniseian,Kott–Assan,1
18,Phrygian,phry1239,,,,,,Indo-European,Phrygian,1
20,Mikasuki,mika1239,,,,,,Muskogean,Eastern Muskogean,1
21,Woleaian,wole1240,,,,,,Austronesian,Malayo-Polynesian,1
39,Postbiblical Hebrew,,,,,,,Afro-Asiatic,West Semitic,1
40,Shawnee,shaw1249,,,,,,Algic,Algonquian,1
45,Ishkashmi,ishk1246,,,,,,Indo-European,Indo-Iranian,1
48,Dami (Marik),mari1428,,,,,,Austronesian,Malayo-Polynesian,1
49,Old Japanese,oldj1239,,,,,,Altaic,Japonic,1
57,Newar,newa1246,,,,,,Sino-Tibetan,Newaric,1
77,Mekeo,meke1243,,,,,,Austronesian,Malayo-Polynesian,1
84,Old Udi,aghw1237,,,,,,Northeast Caucasian,Lezgic,1
91,Natchez,natc1249,,,,,,Natchez,,1
100,Tangale,nucl1696,,,,,,Afro-Asiatic,Chadic,1
105,Harsusi,hars1241,,,,,,Afro-Asiatic,West Semitic,1
144,Moldavian,roma1327,,,,,,Indo-European,Romance,1
195,Old Lithuanian,oldl1240,,,,,,Indo-European,Baltic,1
196,Vampaya,wamb1258,,,,,,Mirndi,Ngurlun,1
198,Anmatjirra (Anmatyerre),anma1239,,,,,,Pama–Nyungan,Arandic,1
207,Yankunytjatjara,yank1247,,,,,,Pama–Nyungan,Wati,1
263,Parthian,part1239,,,,,,Indo-European,Indo-Iranian,1
269,Bunan,gahr1239,,,,,,Sino-Tibetan,Tibeto-Kanauri,1
270,Yuchi,yuch1247,,,,,,Yuchi,,1
277,Icari Dargwa,,,,,,,Northeast Caucasian,Dargin,1
278,Bahing,bahi1252,,,,,,Sino-Tibetan,Kiranti,1
279,Melpa,melp1238,,,,,,Trans–New Guinea,Chimbu–Wahgi,1
280,Huave,huav1256,,,,,,Huave,,1
286,Kaulong,kaul1240,,,,,,Austronesian,Malayo-Polynesian,1
296,Garo,garo1247,,,,,,Sino-Tibetan,Sal,1
303,Ofo,ofoo1242,,,,,,Siouan,Western Siouan,1
310,Tequistlatec,tequ1245,,,,,,Hokan,Tequistlatecan,1
329,Endo,mark1255,,,,,,Eastern Sudanic,Nilotic,1
331,Mesqan,mesq1240,,,,,,Afro-Asiatic,Ethiosemitic,1
333,Munduruku,mund1330,,,,,,Tupian,Munduruku,1
342,Yucatec,yuca1254,,,,,,Mayan,Yucatecan,1
351,Nyawaygi,nyaw1247,,,,,,Pama–Nyungan,Dyirbalic,1
353,Tunika,tuni1252,,,,,,Tunika,,1
356,Bokar,damu1236,,,,,,Sino-Tibetan,Tani,1
362,Scythian,oldo1234,,,,,,Indo-European,Indo-Iranian,1
378,Kanauri,kanu1281,,,,,,Sino-Tibetan,Tibeto-Kanauri,1
381,Dogon,dogo1299,,,,,,Dogon,Dogon,1
389,Maung,maun1240,,,,,,Iwaidjan,Iwaidjic,1
399,Semnani,semn1249,,,,,,Indo-European,Indo-Iranian,1
400,Kaurna,kaur1267,,,,,,Pama–Nyungan,Thura-Yura,1
401,Burarra,bura1267,,,,,,Arnhem,Maningrida,1
404,Gaagudju,gaga1251,,,,,,Macro-Gunwinyguan,Gaagudju,1
405,Ngarinyin,ngar1284,,,,,,Worrorran,Ngarinyin,1
413,Sotho,soth1252,,,,,,Atlantic–Congo,Benue–Congo,1
414,Makonde,mako1251,,,,,,Atlantic–Congo,Benue–Congo,1
422,Bodoe,bodo1270,,,,,,Atlantic–Congo,Benue–Congo,1
429,Bislama,bisl1239,,,,,,English-based creole,,1
433,Palenquero,pale1260,,,,,,Spanish-based creole,,1
435,Ngalkbun,ngal1292,,,,,,Macro-Gunwinyguan,Gunwinyguan,1
439,Suyá,suya1243,,,,,,Macro-Jê,Jê,1
441,Jaru,jaru1254,,,,,,Pama–Nyungan,Ngumpin–Yapa,1
444,Wemba Wemba,wemb1241,,,,,,Pama–Nyungan,Kulinic,1
445,Gurdjar,gurd1238,,,,,,Pama–Nyungan,Paman,1
446,Kung,kung1260,,,,,,Atlantic–Congo,Benue–Congo,1
452,Bushong,bush1247,,,,,,Atlantic–Congo,Benue–Congo,1
453,Edo,bini1246,,,,,,Atlantic–Congo,Benue–Congo,1
454,Epie,epie1238,,,,,,Atlantic–Congo,Volta–Niger,1
455,Engenni,enge1239,,,,,,Atlantic–Congo,Volta–Niger,1
456,Dibabawon,east2478,,,,,,Austronesian,Malayo-Polynesian,1
457,Bunama,buna1276,,,,,,Austronesian,Malayo-Polynesian,1
459,Mendi (Angal),anga1314,,,,,,Trans–New Guinea,Engan,1
461,Southern Kewa (Erave),erav1244,,,,,,Trans–New Guinea,Engan,1
463,Sirva (Sileibi),sile1255,,,,,,Trans–New Guinea,Madang,1
464,Bimin,bimi1240,,,,,,Trans–New Guinea,Central &amp; South New Guinea,1
468,Foe,foii1241,,,,,,Trans–New Guinea,Kikorian,1
470,Rumu (Kairi),rumu1243,,,,,,Trans–New Guinea,Turama–Kikorian,1
471,Namia,nami1256,,,,,,Sepik,Yellow River,1
472,Shiaxa (Awyu),awyu1264,,,,,,Trans–New Guinea,Greater Awyu,1
474,Mandobo,mand1473,,,,,,Trans–New Guinea,Greater Awyu,1
476,"Barupu (Bauni, Warapu)",wara1302,,,,,,Skou,Piore River,1
478,Lembena,lemb1266,,,,,,Trans–New Guinea,Engan,1
479,"Wambon (Digul, Ketum)",ketu1238,,,,,,Trans–New Guinea,Greater Awyu,1
480,Wambon (Yonggom),wamb1259,,,,,,Trans–New Guinea,Greater Awyu,1
481,Guhu-Samane,guhu1244,,,,,,Trans–New Guinea,Binanderean,1
482,Mian,mian1255,,,,,,Trans–New Guinea,Central &amp; South New Guinea,1
483,Tifal,tifa1245,,,,,,Trans–New Guinea,Central &amp; South New Guinea,1
484,Oksapmin,oksa1245,,,,,,Trans–New Guinea,Oksapmin,1
486,Huli,huli1244,,,,,,Trans–New Guinea,Engan,1
487,Girramay (Dyirbal),dyir1250,,,,,,Pama–Nyungan,Eastern Pama–Nyungan,1
488,Warrgamay,warr1255,,,,,,Pama–Nyungan,Eastern Pama–Nyungan,1
489,Matngele,madn1237,,,,,,Eastern Daly,Matngele,1
490,Wadjiginy,wadj1254,,,,,,Wagaydyic,Wadjiginy,1
491,"Kuwema (Pungupungu, Kandjerramalh)",pung1239,,,,,,Wagaydyic,Kandjerramalh,1
492,Kungarakany,kung1259,,,,,,Macro-Gunwinyguan,Kungarakany,1
493,Marrgu,marg1251,,,,,,Marrku–Wurrugu,Marrgu,1
503,Palewyami,pale1254,,,,,,Yok-Utian,Yokuts,1
512,Tübatulabal,tuba1278,,,,,,Uto-Aztecan,Tübatulabal,1
515,Southeastern Tepehuan,sout2976,,,,,,Uto-Aztecan,Southern Uto-Aztecan,1
518,Paipai,paip1241,,,,,,Yuman,Core Yuman,1
521,Ja’a,kumi1248,,,,,,Yuman,Core Yuman,1
537,Dane-zaa (Beaver),beav1236,,,,,,Na-Dené,Athabaskan,1
538,Slavey,slav1253,,,,,,Na-Dené,Athabaskan,1
539,Quiché,kich1262,,,,,,Mayan,Quichean–Mamean,1
540,Awakatek (Aguateco),aqua1252,,,,,,Mayan,Quichean–Mamean,1
550,Mountain Koiarj,moun1252,,,,,,Trans–New Guinea,Koiarian,1
553,Kuot,kuot1243,,,,,,Kuot,,1
554,Hunjara-Kaina Ke,hunj1241,,,,,,Trans–New Guinea,Binanderean,1
556,Luri,luri1252,,,,,,Indo-European,Indo-Iranian,1
557,Kaqchikel,kaqc1270,,,,,,Mayan,Quichean–Mamean,1
564,Soo,,,,,,,Kuliak,Soo,1
567,Paumarí,paum1247,,,,,,Arauan,Paumarí,1
580,S'gaw Karen,sout1554,,,,,,Sino-Tibetan,Karen,1
586,Makah,maka1318,,,,,,Wakashan,Southern Wakashan,1
590,Koitabu,koit1244,,,,,,Trans–New Guinea,Koiarian,1
593,Angor,ango1254,,,,,,Senagi,Angor,1
594,Enindhilyagwa,anin1240,,,,,,Gunwinyguan,Eastern Gunwinyguan,1
596,Efik,efik1245,,,,,,Atlantic–Congo,Benue–Congo,1
598,Sora,sora1254,,,,,,Austroasiatic,Munda,1
599,Yanomamö,yano1261,,,,,,Yanomam,Yanomamö,1
626,Kajtak,kajt1238,,,,,,Northeast Caucasian,Dargin,1
639,Kerebe (Kerewe),kere1283,,,,,,Atlantic–Congo,Benue–Congo,1
651,Sherpa,sher1255,,,,,,Sino-Tibetan,Bodic,1
657,Hruso,hrus1242,,,,,,Hrusish,Hruso,1
658,Kalamian,kala1389,,,,,,Austronesian,Malayo-Polynesian,1
667,Ainu,ainu1252,,,,,,Ainu,,1
668,Kaman (Miju),miju1243,,,,,,Kaman,,1
669,Keoru-Ahia,keor1235,,,,,,Trans–New Guinea,Eleman,1
670,Bogaya (Pogaya),boga1247,,,,,,Trans–New Guinea,Duna–Pogaya,1
671,Opao,opao1240,,,,,,Trans–New Guinea,Eleman,1
672,Orokolo,orok1267,,,,,,Trans–New Guinea,Eleman,1
673,Tairuma,tair1256,,,,,,Trans–New Guinea,Eleman,1
674,Tangko,tang1353,,,,,,Trans–New Guinea,Central &amp; South New Guinea,1
679,Arguni,argu1237,,,,,,Austronesian,Malayo-Polynesian,1
680,Dawera-Daweloor,dawe1237,,,,,,Austronesian,Malayo-Polynesian,1
681,Emplawas,empl1237,,,,,,Austronesian,Malayo-Polynesian,1
682,Geser-Gorom,gese1240,,,,,,Austronesian,Malayo-Polynesian,1
683,Karas (Kalamang),kara1499,,,,,,Trans–New Guinea,Berau Gulf,1
684,North Babar,nort2860,,,,,,Austronesian,Malayo-Polynesian,1
685,Kamang (Woisika),kama1365,,,,,,Trans–New Guinea,Timor–Alor–Pantar,1
710,Hu,huuu1240,,,,,,Austroasiatic,Khasi–Palaungic,1
717,Langi,lang1320,,,,,,Atlantic–Congo,Benue–Congo,1
718,Luhya,kabr1240,,,,,,Atlantic–Congo,Benue–Congo,1
720,Nyakyusa,nyak1260,,,,,,Atlantic–Congo,Benue–Congo,1
724,Sambaa (Shambaa),sham1280,,,,,,Atlantic–Congo,Benue–Congo,1
725,Shubi,shub1238,,,,,,Atlantic–Congo,Benue–Congo,1
726,Wanji,vwan1235,,,,,,Atlantic–Congo,Benue–Congo,1
727,Zigua,zigu1244,,,,,,Atlantic–Congo,Benue–Congo,1
731,Eritai,erit1239,,,,,,Lakes Plain,Central Lakes Plain,1
732,Kaiy,kaiy1239,,,,,,Lakes Plain,Central Lakes Plain,1
733,Obokuitai,obok1239,,,,,,Lakes Plain,Central Lakes Plain,1
735,Sikaritai,sika1263,,,,,,Lakes Plain,Central Lakes Plain,1
736,Waritai,wari1264,,,,,,Lakes Plain,Central Lakes Plain,1
754,Nyakur,nyah1250,,,,,,Austroasiatic,Monic,1
760,Jaminjung,djam1255,,,,,,Mirndi,Yirram,1
762,Kariyarra,ngar1293,,,,,,Pama–Nyungan,Ngayarda,1
766,Kui (Indonesia),kuii1253,,,,,,Trans–New Guinea,Timor–Alor–Pantar,1
767,Sawila,sawi1256,,,,,,Trans–New Guinea,Timor–Alor–Pantar,1
779,Keuw,kehu1238,,,,,,Lakes Plain,Wapoga River,1
780,Korowai,koro1312,,,,,,Trans-New Guinea,Central West New Guinea,1
781,Kuman (New Guinea),kuma1280,,,,,,Trans–New Guinea,Chimbu–Wahgi,1
788,Marghi South (Hildi),marg1266,,,,,,Afro-Asiatic,Chadic,1
789,Marghi Central,marg1265,,,,,,Afro-Asiatic,Chadic,1
790,Yimchungrü,yimc1240,,,,,,Sino-Tibetan,Central Naga,1
791,Yekora,yeko1240,,,,,,Trans–New Guinea,Binanderean,1
793,Jinuo (Jino),youl1235,,,,,,Sino-Tibetan,Lolo–Burmese,1
800,Samei,same1240,,,,,,Sino-Tibetan,Lolo–Burmese,1
804,Muya,muya1239,,,,,,Sino-Tibetan,Qiangic,1
809,Bine,bine1240,,,,,,Trans-Fly,Eastern Trans-Fly,1
811,Classical Mongolian,,,,,,,Altaic,Mongolic,1
827,Khamyang,kham1291,,,,,,Kra–Dai,Tai,1
829,Pyu (Papuan),pyuu1245,,,,,,Arai–Samaia,Pyu,1
830,Tauade,taua1242,,,,,,Goilalan,Tauade,1
832,Atsi (Zaiwa),zaiw1241,,,,,,Sino-Tibetan,Lolo–Burmese,1
841,Kim Mun,kimm1245,,,,,,Hmong–Mien,Mienic,1
843,Pumi,pumi1242,,,,,,Sino-Tibetan,Qiangic,1
844,Xuzhang,xuzh1234,,,,,,Sino-Tibetan,Lolo–Burmese,1
848,Luangiua (Ontong Java),onto1237,,,,,,Austronesian,Malayo-Polynesian,1
869,Ifira-Mele,mele1250,,,,,,Austronesian,Malayo-Polynesian,1
870,Jola-Fonyi (Diola-Fogny),jola1263,,,,,,Atlantic–Congo,Bak,1
871,Laal,laal1242,,,,,,Laal,,1
873,Western Maninka,west2500,,,,,,Mande,Western Mande,1
874,Bassari,bass1258,,,,,,Atlantic–Congo,Atlantic,1
880,Bissa,biss1248,,,,,,Mande,Eastern Mande,1
881,Busa (Bokobaru),boko1267,,,,,,Mande,Eastern Mande,1
882,Toro So (Escarpment Dogon),esca1235,,,,,,Dogon,Escarpment Dogon,1
883,Ben Tey Dogon,bent1238,,,,,,Dogon,Nanga,1
884,Bondum Dogon,bond1248,,,,,,Dogon,North Plateau,1
885,Kolum So (Mombo Dogon),momb1254,,,,,,Dogon,West Dogon,1
888,Kono,kono1268,,,,,,Mande,Western Mande,1
889,Mano,mann1248,,,,,,Mande,Eastern Mande,1
891,Mixifore,mixi1241,,,,,,Mande,Western Mande,1
892,Ganza,ganz1246,,,,,,Afro-Asiatic,Omotic,1
898,Esperanto,espe1235,,,,,,Constructed language,,1
925,Mentawai,ment1249,,,,,,Austronesian,Malayo-Polynesian,1
936,Embaloh (Maloh),emba1238,,,,,,Austronesian,Malayo-Polynesian,1
944,Xokleng,xokl1240,,,,,,Macro-Jê,Jê,1
952,Antsi (Ayta Maganchi),maga1263,,,,,,Austronesian,Malayo-Polynesian,1
959,Masbateño,masb1238,,,,,,Austronesian,Malayo-Polynesian,1
961,Labuk-Kinabatangan Kadazan,labu1249,,,,,,Austronesian,Malayo-Polynesian,1
968,Balantak,bala1315,,,,,,Austronesian,Malayo-Polynesian,1
969,Helong,helo1243,,,,,,Austronesian,Malayo-Polynesian,1
977,Waboda,wabo1241,,,,,,Kiwaian,Waboda,1
978,Southern Kiwai,sout2949,,,,,,Kiwaian,Kiwai,1
980,Selepet,sele1250,,,,,,Trans–New Guinea,Finisterre–Huon,1
981,Pare (Pa),pare1271,,,,,,Trans–New Guinea,Awin–Pa,1
982,Ono,onoo1246,,,,,,Trans–New Guinea,Finisterre–Huon,1
983,Kube (Tobo-Kube),kube1244,,,,,,Trans–New Guinea,Finisterre–Huon,1
984,Gobasi,goba1246,,,,,,Trans–New Guinea,East Strickland,1
986,Borong,boro1279,,,,,,Trans–New Guinea,Finisterre–Huon,1
987,Beami,beam1240,,,,,,Trans–New Guinea,Bosavi,1
988,Central Asmat,cent2247,,,,,,Trans–New Guinea,Asmat–Kamoro,1
993,Zinza (Dzinza),zinz1238,,,,,,Atlantic–Congo,Benue–Congo,1
995,"Dulong (Trung, Derung)",drun1238,,,,,,Sino-Tibetan,Nungish,1
997,Ngas (Angas),ngas1240,,,,,,Afro-Asiatic,Chadic,1
998,Bacama,baca1246,,,,,,Afro-Asiatic,Chadic,1
999,Bura-Pabir (Bura),bura1292,,,,,,Afro-Asiatic,Chadic,1
1000,"Miship (Chip, cip)",mish1244,,,,,,Afro-Asiatic,Chadic,1
1001,Dera (Kanakuru),dera1248,,,,,,Afro-Asiatic,Chadic,1
1002,Ga'anda,gaan1243,,,,,,Afro-Asiatic,Chadic,1
1003,Izere (Jari),izer1242,,,,,,Atlantic–Congo,Benue–Congo,1
1005,Miya,miya1266,,,,,,Afro-Asiatic,Chadic,1
1007,Tera (Pidlimdi),tera1251,,,,,,Afro-Asiatic,Chadic,1
1008,Gwere,gwer1238,,,,,,Atlantic–Congo,Benue–Congo,1
1009,Masaba (Lumasaaba),masa1299,,,,,,Atlantic–Congo,Benue–Congo,1
1010,Rombo (Mkuu),romb1244,,,,,,Atlantic–Congo,Benue–Congo,1
1013,Rungwa,rung1255,,,,,,Atlantic–Congo,Benue–Congo,1
1016,Lakon (Lakona),lako1245,,,,,,Austronesian,Malayo-Polynesian,1
1017,Irarutu,irar1238,,,,,,Austronesian,Malayo-Polynesian,1
1018,Palawano,nucl1738,,,,,,Austronesian,Malayo-Polynesian,1
1026,Cemuhî,cemu1238,,,,,,Austronesian,Malayo-Polynesian,1
1027,Ajië,ajie1238,,,,,,Austronesian,Malayo-Polynesian,1
1028,Rukai,ruka1240,,,,,,Austronesian,Rukai,1
1032,Adzera,adze1240,,,,,,Austronesian,Malayo-Polynesian,1
1033,Bilinarra,bili1250,,,,,,Pama–Nyungan,Ngumpin–Yapa,1
1034,Warlmanpa,warl1255,,,,,,Pama–Nyungan,Ngumpin–Yapa,1
1036,Akoye,akoy1238,,,,,,Trans–New Guinea,Angan,1
1038,Ankave,anka1246,,,,,,Trans–New Guinea,Angan,1
1040,Binahari,bina1273,,,,,,Trans–New Guinea,Mailuan,1
1041,Buna,buna1277,,,,,,Torricelli,Marienberg,1
1042,Domung,domu1246,,,,,,Trans–New Guinea,Finisterre–Huon,1
1043,Hamtai,hamt1247,,,,,,Trans–New Guinea,Angan,1
1044,Kamasa,kama1360,,,,,,Trans–New Guinea,Angan,1
1045,Kawacha,kawa1276,,,,,,Trans–New Guinea,Angan,1
1047,Mungkip,mung1272,,,,,,Trans–New Guinea,Finisterre–Huon,1
1048,Nek,nekk1240,,,,,,Trans–New Guinea,Finisterre–Huon,1
1049,Nuk,nukk1240,,,,,,Trans–New Guinea,Finisterre–Huon,1
1050,Numanggang,numa1254,,,,,,Trans–New Guinea,Finisterre–Huon,1
1051,Safeyoka,safe1240,,,,,,Trans–New Guinea,Angan,1
1052,Uri,urii1240,,,,,,Trans–New Guinea,Finisterre–Huon,1
1054,Yagwoia,yagw1240,,,,,,Trans–New Guinea,Angan,1
1055,Isabi,isab1240,,,,,,Trans–New Guinea,Kainantu–Goroka,1
1056,Dadibi,dadi1250,,,,,,Trans–New Guinea,Teberan–Pawaian,1
1057,Maiwa (Papuan),maiw1251,,,,,,Trans–New Guinea,Dagan,1
1058,Tabo,tabo1241,,,,,,Trans-Fly,Tabo,1
1059,Wiru,wiru1244,,,,,,Trans–New Guinea,Teberan–Pawaian,1
1060,Peve (Lame),peve1243,,,,,,Afro-Asiatic,Chadic,1
1073,Ibatan,ibat1238,,,,,,Austronesian,Malayo-Polynesian,1
1076,Oro Win,orow1243,,,,,,Chapacuran,Wari,1
1078,Gaddang,gadd1244,,,,,,Austronesian,Malayo-Polynesian,1
1083,Masbatenyo (Masbateño),masb1238,,,,,,Austronesian,Malayo-Polynesian,1
1088,Minangkabau,mina1268,,,,,,Austronesian,Malayo-Polynesian,1
1091,Ruc,rucc1239,,,,,,Austroasiatic,Vietic,1
1097,Ngarla,ngar1296,,,,,,Pama–Nyungan,Ngayarda,1
1102,Batuley,batu1258,,,,,,Austronesian,Malayo-Polynesian,1
1104,Wancho,wanc1238,,,,,,Sino-Tibetan,Brahmaputran,1
1105,Kalaallisut (West Greenlandic),kala1399,,,,,,Eskimo–Aleut,Eskimo,1
1106,Wayampi,waya1270,,,,,,Tupian,Tupi–Guarani,1
1107,Raivavae,raiv1237,,,,,,Austronesian,Malayo-Polynesian,1
1111,Siriano,siri1274,,,,,,Tucanoan,Eastern Tucanoan,1
1112,Secoya,seco1241,,,,,,Tucanoan,Western Tucanoan,1
1115,Desano,desa1247,,,,,,Tucanoan,Eastern Tucanoan,1
1122,Bukusu,buku1249,,,,,,Atlantic–Congo,Benue–Congo,1
1123,Luobenzhuo Bai,luob1236,,,,,,Sino-Tibetan,Macro-Bai,1
1126,Coconuco (Guambiano),coco1262,,,,,,Barbacoan,Coconuco,1
1127,Kamsá (Camsá),cams1241,,,,,,Kamsá (Camsá),,1
1132,Bella Coola (Nuxalk),bell1243,,,,,,Salishan,Nuxalk,1
1133,Yanomámi (Waiká),yano1262,,,,,,Yanomam,Waiká,1
1135,Kunza,kunz1244,,,,,,Kunza,,1
1141,Wetarese (Dadu'a),weta1245,,,,,,Austronesian,Malayo-Polynesian,1
1142,Deing,dein1238,,,,,,Trans–New Guinea,Timor–Alor–Pantar,1
1143,Ende (Flores island),ende1246,,,,,,Austronesian,Malayo-Polynesian,1
1146,Wamas,wama1247,,,,,,Trans–New Guinea,Madang,1
1152,Classical Chinese,lite1248,,,,,,Sino-Tibetan,Sinitic,1
1153,Jin Chinese,jiny1235,,,,,,Sino-Tibetan,Sinitic,1
1158,Konso,kons1243,,,,,,Afro-Asiatic,Cushitic,1
1159,Miriwoong (Miriwung),miri1266,,,,,,Jarrakan,Miriwoong,1
1160,Bargam,barg1252,,,,,,Trans–New Guinea,Madang,1
1163,Itawis,itaw1240,,,,,,Austronesian,Malayo-Polynesian,1
1165,Mansaka,mans1262,,,,,,Austronesian,Malayo-Polynesian,1
1167,Moken,moke1242,,,,,,Austronesian,Malayo-Polynesian,1
1169,Leti (Indonesia),leti1246,,,,,,Austronesian,Malayo-Polynesian,1
1171,Fordata,ford1242,,,,,,Austronesian,Malayo-Polynesian,1
1172,Kamarian,kama1362,,,,,,Austronesian,Malayo-Polynesian,1
1173,Paulohi,paul1238,,,,,,Austronesian,Malayo-Polynesian,1
1174,Alune,alun1238,,,,,,Austronesian,Malayo-Polynesian,1
1176,Titan,tita1241,,,,,,Austronesian,Malayo-Polynesian,1
1177,Wuvulu-Aua,wuvu1239,,,,,,Austronesian,Malayo-Polynesian,1
1179,'Āre'āre,area1240,,,,,,Austronesian,Malayo-Polynesian,1
1180,Bugun (Khowa),bugu1246,,,,,,Sino-Tibetan,Kho-Bwa,1
1181,"Miji (Dmay, Dhammai, Dhammai, Sajolang)",saja1240,,,,,,Sino-Tibetan,Hrusish,1
1187,Garmsiri,nort2644,,,,,,Indo-European,Indo-Iranian,1
1189,Southern Bashkardi,sout2644,,,,,,Indo-European,Indo-Iranian,1
1191,Old Frisian,oldf1241,,,,,,Indo-European,Germanic,1
1195,Kartutjarra,,,,,,,Pama–Nyungan,Wati,1
1198,Wirangu,wira1265,,,,,,Pama–Nyungan,Thura-Yura,1
1200,Numbami (Siboma),numb1247,,,,,,Austronesian,Malayo-Polynesian,1
1203,Chungli Ao,chon1248,,,,,,Sino-Tibetan,Ao,1
1204,Dimasa,dima1251,,,,,,Sino-Tibetan,Brahmaputran,1
1205,Konyak,kony1248,,,,,,Sino-Tibetan,Brahmaputran,1
1206,Rongmei (Nruanghmei),rong1266,,,,,,Sino-Tibetan,Zemeic,1
1207,Phom,phom1236,,,,,,Sino-Tibetan,Brahmaputran,1
1208,Gogodala,gogo1265,,,,,,Gogodala–Suki,Gogodala,1
1210,Aguaruna,agua1253,,,,,,Chicham,Aguaruna,1
1217,Wolio,woli1241,,,,,,Austronesian,Malayo-Polynesian,1
1218,Gitua,gitu1237,,,,,,Austronesian,Malayo-Polynesian,1
1220,Middle Vietnamese,viet1252,,,,,,Austroasiatic,Vietic,1
1222,Min Dong (Eastern Min),mind1253,,,,,,Sino-Tibetan,Sinitic,1
1223,Gan Chinese,ganc1239,,,,,,Sino-Tibetan,Sinitic,1
1224,Xamtanga (Khamir),xamt1239,,,,,,Afro-Asiatic,Cushitic,1
1226,Kiga (Rukiga),chig1238,,,,,,Atlantic–Congo,Benue–Congo,1
1227,Nkore (Runyankore),nyan1307,,,,,,Atlantic–Congo,Benue–Congo,1
1229,"Amba, Nembao (Solomon Islands)",amba1266,,,,,,Austronesian,Malayo-Polynesian,1
1232,Akan,akan1250,,,,,,Atlantic–Congo,Volta-Congo,1
1236,Yurok,yuro1248,,,,,,Algic,Yurok,1
1242,Middle French,midd1316,,,,,,Indo-European,Romance,1
1243,Mobilian Jargon,mobi1236,,,,,,Muskogean-based pidgin,,1
1246,Enets,enet1250,,,,,,Uralic,Samoyedic,1
1247,Dalmatian,dalm1243,,,,,,Indo-European,Romance,1
1248,Istriot,istr1244,,,,,,Indo-European,Romance,1
1249,Gaulish,tran1282,,,,,,Indo-European,Celtic,1
1256,Mangghuer,minh1238,,,,,,Altaic,,1
1257,Mongghul,huzh1238,,,,,,Altaic,Mongolic,1
1258,Kangjia,kang1281,,,,,,Altaic,Mongolic,1
1261,Chadong,,,,,,,Kam–Sui,chad1240,1
1266,Pennsylvania German,penn1240,,,,,,Indo-European,Germanic,1
1267,Anatolian Arabic,anat1256,,,,,,Afro-Asiatic,West Semitic,1
1268,Lahnda (Western Punjabi),lahn1241,,,,,,Indo-European,Indo-Iranian,1
1269,Western Pahari,hima1250,,,,,,Indo-European,Indo-Iranian,1
1270,Tundra Nenets,tund1255,,,,,,Uralic,Samoyedic,1
1271,Mator,nucl1288,,,,,,Uralic,Samoyedic,1
1272,Taigi,taig1245,,,,,,Uralic,Samoyedic,1
1273,Naiki (Southeastern Kolami),sout1249,,,,,,Dravidian,Central Dravidian,1
1274,Burushaski,buru1296,,,,,,Burushaski,,1
1279,Takpa (Tawang Monpa),dakp1242,,,,,,Sino-Tibetan,Kanauri,1
1281,Southern Thai,sout2746,,,,,,Kra–Dai,Tai,1
1285,Mbaenggu (Baeggu),baeg1237,,,,,,Austronesian,Malayo-Polynesian,1
1294,Lega,lega1253,,,,,,Niger–Congo,Atlantic–Congo,1
1299,Tennet,tenn1246,,,,,,Saharan,Eastern Sudanic,1
1300,Kwegu,kweg1241,,,,,,Saharan,Eastern Sudanic,1
1301,Murle,murl1244,,,,,,Saharan,Eastern Sudanic,1
1312,"Bilua (Mbilua, Vella Lavella)",bilu1245,,,,,,Bilua,,1
1313,Blagar,blag1240,,,,,,Trans–New Guinea,Timor–Alor–Pantar,1
1314,Klon (Kelon),kelo1247,,,,,,Trans–New Guinea,Timor–Alor–Pantar,1
1315,Nedebang,nede1245,,,,,,Trans–New Guinea,Timor–Alor–Pantar,1
1321,Dhuwal,dhuw1248,,,,,,Pama–Nyungan,Yolŋu,1
1323,Djapu,djap1238,,,,,,Pama–Nyungan,Yolŋu,1
1325,Gumatj,guma1253,,,,,,Pama–Nyungan,Yolŋu,1
1326,Gupapuyngu,gupa1247,,,,,,Pama–Nyungan,Yolŋu,1
1327,Karajarri (Garadjari),kara1476,,,,,,Pama–Nyungan,Marrngu,1
1345,Karajá,kara1500,,,,,,Macro-Jê,Karajá,1
1347,Kogui (Kogi),cogu1240,,,,,,Chibchan,Arwako–Chimila,1
1349,Chakobo (Pacahuara),chac1251,,,,,,Panoan,Mainline Panoan,1
1350,Piapoco,piap1246,,,,,,Arawakan,Northern Arawakan,1
1351,Baure,baur1253,,,,,,Arawakan,Southern Arawakan,1
1352,Enxet (Southern Lengua),sout2989,,,,,,Mascoian,Enxet,1
1356,Aasax (Aasá),,,,,,,Cushitic,aasa1238,1
1357,Lokono (Arawak),araw1276,,,,,,Arawakan,Northern Arawakan,1
1358,Washo,wash1253,,,,,,Washo,,1
1360,Kipeá (Kariri),kipe1235,,,,,,Macro-Gê,Karirian,1
1361,Jebero (Shiwilu),jebe1250,,,,,,Cahuapanan,Jebero,1
1363,Wayoró,wayo1238,,,,,,Tupian,Tuparí,1
1364,Xerénte,xere1240,,,,,,Macro-Gê,Jê,1
1365,Arikapú,arik1265,,,,,,Macro-Jê,Yabutian,1
1366,Nocten Wichi,wich1262,,,,,,Matacoan,Wichi,1
1368,Bodega (Coast) Miwok,coas1301,,,,,,Yok-Utian,Utian,1
1369,Southern Sierra Miwok,sout2985,,,,,,Yok-Utian,Utian,1
1370,Central Sierra Miwok,cent2140,,,,,,Yok-Utian,Utian,1
1371,Northern Sierra Miwok,nort2968,,,,,,Yok-Utian,Utian,1
1372,Plains Miwok,plai1259,,,,,,Yok-Utian,Utian,1
1374,"Tima (Domorik, Lomorik)",tima1241,,,,,,Niger–Congo,Katla,1
1375,Nara,nara1262,,,,,,Nilo-Saharan,Eastern Sudanic,1
1376,Gaam (Ingessana),gaam1241,,,,,,Nilo-Saharan,Eastern Sudanic,1
1377,Konda (Dravidian),kond1295,,,,,,Dravidian,South-Central Dravidian,1
1378,Kuwi,kuvi1243,,,,,,Dravidian,South-Central Dravidian,1
1382,Phoenician,phoe1239,,,,,,Afro-Asiatic,West Semitic,1
1383,Didinga,didi1258,,,,,,Nilo-Saharan,Eastern Sudanic,1
1384,Baale,baal1234,,,,,,Nilo-Saharan,Eastern Sudanic,1
1385,Mursi,murs1242,,,,,,Nilo-Saharan,Eastern Sudanic,1
1386,Northern Yana,nort2963,,,,,,Yana,,1
1387,Yahi,yahi1243,,,,,,Yana,,1
1388,Sese Gumuz,sese1245,,,,,,Nilo-Saharan,Komuz,1
1391,Dupaningan Agta,dupa1235,,,,,,Austronesian,Malayo-Polynesian,1
1392,Kwama,kwam1249,,,,,,Nilo-Saharan,Komuz,1
1395,Uduk (Tw'ampa),uduk1239,,,,,,Nilo-Saharan,Komuz,1
1396,Hadza,hadz1240,,,,,,Hadza,,1
1397,Atong (Sino-Tibetan),aton1241,,,,,,Sino-Tibetan,Brahmaputran,1
1400,Shasta,shas1239,,,,,,Hokan,Shasta–Palaihnihan,1
1403,ǀǀKxauǀǀen,kxau1241,,,,,,Khoisan,Peripheral Khoisan,1
1404,!Kung (Central Ju),cent2300,,,,,,Khoisan,Peripheral Khoisan,1
1405,!O!Kung,oung1238,,,,,,Khoisan,Peripheral Khoisan,1
1409,ǀ'Auni,auni1244,,,,,,Khoisan,Peripheral Khoisan,1
1411,Kato,kato1244,,,,,,Na-Dené,Athabaskan,1
1416,Mentasta Ahtena,ment1252,,,,,,Na-Dené,Athabaskan,1
1417,Lower Tanana,lowe1425,,,,,,Na-Dené,Athabaskan,1
1418,Central Carrier,carr1249,,,,,,Na-Dené,Athabaskan,1
1420,Degexit'an,dege1248,,,,,,Na-Dené,Athabaskan,1
1421,Jamul Tiipay,tipa1240,,,,,,Hokan,Yuman,1
1423,Hmong Njua,hmon1264,,,,,,Hmong–Mien,Hmongic,1
1424,Northern Pa-Hng,pahn1237,,,,,,Hmong–Mien,Hmongic,1
1426,Western Mono,mono1275,,,,,,Uto-Aztecan,Numic,1
1428,Dakota,dako1258,,,,,,Siouan-Catawban,,1
1429,Tangga,tang1348,,,,,,Austronesian,Malayo-Polynesian,1
1430,Mbula,mbul1263,,,,,,Austronesian,Malayo-Polynesian,1
1431,Quileute,quil1240,,,,,,Chimakuan,Quileute,1
1432,Sougb (Manikion),mani1235,,,,,,West Papuan,Mantion–Meax,1
1435,Southern Haida,sout2956,,,,,,Haida,,1
1453,Rengma,sout2732,,,,,,Sino-Tibetan,Angami–Pochuri,1
1454,Papiamento,papi1253,,,,,,Portuguese-based creole,,1
1457,Bongu,bong1291,,,,,,Trans–New Guinea,Madang,1
1458,Achagua (Achawa),acha1250,,,,,,Arawakan,Northern Arawakan,1
1459,"Waimaja (Bara, Barasano)",waim1255,,,,,,Tucanoan,Eastern Tucanoan,1
1462,Jamaican Creole (Patwah),jama1262,,,,,,English-based creole,,1
1463,Catio,embe1260,,,,,,Chocoan,Embera,1
1464,Northern Embera,nort2972,,,,,,Chocoan,Embera,1
1465,Tadó Emberá,embe1261,,,,,,Chocoan,Embera,1
1466,South Levantine Arabic,sout3123,,,,,,Afro-Asiatic,West Semitic,1
1467,Imbabura Highland Quichua,imba1240,,,,,,Quechuan,Quechua II,1
1468,Manga Kanuri,mang1399,,,,,,Saharan,West Saharan,1
1469,Reunionese creole,reun1238,,,,,,French-based creole,,1
1471,Savosavo,savo1255,,,,,,Central Solomon,Savosavo,1
1472,Mungiki (Bellona),mung1270,,,,,,Austronesian,Malayo-Polynesian,1
1473,"Burum (Yaknge, Somba-Siawari)",buru1306,,,,,,Trans–New Guinea,Finisterre–Huon,1
1474,Uruangnirin,urua1244,,,,,,Austronesian,Malayo-Polynesian,1
1475,Kalao,kala1394,,,,,,Austronesian,Malayo-Polynesian,1
1476,Bonerate,bone1254,,,,,,Austronesian,Malayo-Polynesian,1
1477,"Shinasha (Boro,Borna)",boro1277,,,,,,Afro-Asiatic,Omotic,1
1478,Jandai,jand1248,,,,,,Pama–Nyungan,Durubalic,1
1479,Golpa,golp1234,,,,,,Pama–Nyungan,Yolŋu Matha,1
1480,Purépecha (Tarascan),tara1323,,,,,,Purépecha,,1
1481,Munsee,muns1251,,,,,,Algic,Delawaran,1
1483,Arapaho,arap1274,,,,,,Algic,Arapahoan,1
1484,San Dionisio del Mar Huave,sand1278,,,,,,Huave,,1
1485,San Mateo del Mar Huave,sanm1287,,,,,,Huave,,1
1486,San Francisco del Mar Huave,sanf1258,,,,,,Huave,,1
1487,Santa María del Mar Huave,sant1422,,,,,,Huave,,1
1488,Skiri Pawnee,skir1238,,,,,,Caddoan,Pawnee–Kitsai,1
1491,Candoshi-Shapra,cand1248,,,,,,Candoshi-Shapra,,1
1492,Onondaga,onon1246,,,,,,Iroquoian,Lake Iroquoian,1
1493,Molima,moli1248,,,,,,Austronesian,Malayo-Polynesian,1
1494,Yakan,yaka1277,,,,,,Austronesian,Malayo-Polynesian,1
1495,Tombonuwo,tomb1244,,,,,,Austronesian,Malayo-Polynesian,1
1496,Bisaya,brun1245,,,,,,Austronesian,Malayo-Polynesian,1
1497,Sebop,sebo1238,,,,,,Austronesian,Malayo-Polynesian,1
1498,Murik (Borneo),muri1259,,,,,,Austronesian,Malayo-Polynesian,1
1499,Kiput,kipu1237,,,,,,Austronesian,Malayo-Polynesian,1
1501,Tunjung,tunj1244,,,,,,Austronesian,Malayo-Polynesian,1
1502,Taboyan,tawo1243,,,,,,Austronesian,Malayo-Polynesian,1
1503,Gayo,gayo1244,,,,,,Austronesian,Malayo-Polynesian,1
1504,Basai,basa1287,,,,,,Austronesian,East Formosan,1
1505,Lampung,lamp1241,,,,,,Austronesian,Malayo-Polynesian,1
1507,Muna,muna1247,,,,,,Austronesian,Malayo-Polynesian,1
1512,Jarai,jara1266,,,,,,Austronesian,Malayo-Polynesian,1
1513,Rade (Rhade),rade1240,,,,,,Austronesian,Malayo-Polynesian,1
1514,Sedang,seda1262,,,,,,Austroasiatic,Bahnaric,1
1515,Mnong,mnon1259,,,,,,Austroasiatic,Bahnaric,1
1516,Nyaheun,nyah1249,,,,,,Austroasiatic,Bahnaric,1
1517,Sapuan,sapu1248,,,,,,Austroasiatic,Bahnaric,1
1518,Sre,sree1244,,,,,,Austroasiatic,bah,1
1519,Middle Mon,,,,,,,Austroasiatic,Monic,1
1520,Northern Ndebele,nort2795,,,,,,Niger–Congo,Atlantic–Congo,1
1521,Romagnol,roma1328,,,,,,Indo-European,Romance,1
1524,Hadhrami Arabic,hadr1236,,,,,,Afro-Asiatic,West Semitic,1
1525,Northern Yemeni Arabic,sana1295,,,,,,Afro-Asiatic,West Semitic,1
1526,Silopi,silo1240,,,,,,Trans–New Guinea,Madang,1
1527,Utu,utuu1240,,,,,,Trans–New Guinea,Madang,1
1528,Klamath-Modoc,klam1254,,,,,,Plateau Penutian,Klamath,1
1529,Middle Irish,midd1360,,,,,,Indo-European,Celtic,1
1533,Saraiki,sera1259,,,,,,Indo-European,Indo-Iranian,1
1535,Palestinian Arabic,sout3123,,,,,,Afroasiatic,Western Semitic,1
1536,Antekerrepenhe,ande1247,,,,,,Pama–Nyungan,Arandic,1
1537,Batyala,baty1234,,,,,,Pama–Nyungan,Waka–Kabic,1
1538,Biri,east2716,,,,,,Pama–Nyungan,Maric,1
1539,Dhangu,dhan1270,,,,,,Pama–Nyungan,Yolngu Matha,1
1541,Kalkatungu,kalk1246,,,,,,Pama–Nyungan,Kalkatungic,1
1542,Muruwari,muru1266,,,,,,Pama–Nyungan,Southeastern,1
1543,Wilson River (Wangkumara),ngur1261,,,,,,Pama–Nyungan,Karnic,1
1546,Tontemboan,tont1239,,,,,,Austronesian,Malayo-Polynesian,1
1552,Huasteca Nahuatl,huas1257,,,,,,Uto-Aztecan,Nahuan,1
1553,Pipil (Nawat),pipi1250,,,,,,Uto-Aztecan,Nahuan,1
1554,Hidatsa,hida1246,,,,,,Siouan,Western Siouan,1
1555,Kansa,kans1243,,,,,,Siouan,Western Siouan,1
1558,Iskonawa (Isconahua),isco1239,,,,,,Panoan,Mainline Panoan,1
1561,Chiapas Zoque,chia1261,,,,,,Mixe–Zoquean,Zoquean,1
1570,Pa'O Karen,paok1235,,,,,,Sino-Tibetan,Karen,1
1571,"Karenni (Kayah, Red Karen)",kaya1317,,,,,,Sino-Tibetan,Karen,1
1572,Western Pwo (Delta Pao),pwow1235,,,,,,Sino-Tibetan,Karen,1
1573,Eastern Pwo (Phlou),pwoe1235,,,,,,Sino-Tibetan,Karen,1
1580,Jeju,jeju1234,,,,,,Altaic,Korean,1
1581,Piyo (Biyue),biyo1243,,,,,,Sino-Tibetan,Lolo-Burmese,1
1582,Lahu Na,naaa1244,,,,,,Sino-Tibetan,Lolo-Burmese,1
1583,"Nasu (Black Yi, Eastern Yi)",nesu1235,,,,,,Sino-Tibetan,Lolo-Burmese,1
1585,Bru (Brou),brou1236,,,,,,Austroasiatic,Katuic,1
1586,Hainanese,hain1238,,,,,,Sino-Tibetan,Sinitic,1
1587,Dzongkha,nucl1307,,,,,,Sino-Tibetan,Bodish,1
1589,Venetian,vene1258,,,,,,Indo-European,Romance,1
1590,Tigak,tiga1245,,,,,,Austronesian,Malayo-Polynesian,1
1591,"Vitu (Witu, Muduapa)",mudu1242,,,,,,Austronesian,Malayo-Polynesian,1
1592,Manam,mana1295,,,,,,Austronesian,Malayo-Polynesian,1
1594,Puluwat,pulu1242,,,,,,Austronesian,Malayo-Polynesian,1
1599,Moriori,mori1267,,,,,,Austronesian,Malayo-Polynesian,1
1600,Bhojpuri,bhoj1244,,,,,,Indo-European,Indo-Iranian,1
1603,Central Atlas Tamazight,cent2194,,,,,,Afro-Asiatic,Berber,1
1604,Xhosa,xhos1239,,,,,,Niger–Congo,Atlantic–Congo,1
1605,Brunei Malay,brun1242,,,,,,Austronesian,Malayo-Polynesian,1
1606,Osage,osag1243,,,,,,Siouan,Western Siouan,1
1608,Biloxi,bilo1248,,,,,,Siouan,Western Siouan,1
1612,Warluwarra,warl1256,,,,,,Pama–Nyungan,Ngarna,1
1613,"Musey (Mouseye, Banana)",muse1242,,,,,,Afro-Asiatic,Chadic,1
1614,"Ndyuka (Aukan, Eastern Maroon Creole)",ndyu1242,,,,,,English-based creole,,1
1615,Sema (Sümi),sumi1235,,,,,,Sino-Tibetan,Angami–Pochuri,1
1617,Nobonob,nobo1238,,,,,,Trans–New Guinea,Madang,1
1618,Aghwan,aghw1237,,,,,,Northeast Caucasian,Lezgic,1
1619,Tauro-Romaic (Mariupol Greek),mari1411,,,,,,Indo-European,Greek,1
1620,Rajasthani,raja1256,,,,,,Indo-European,Indo-Iranian,1
1621,Nupe,nupe1254,,,,,,Niger–Congo,Atlantic–Congo,1
1623,Wutun,wutu1241,,,,,,Chinese-Tibetan-Mongolian based creole,,1
1624,Baruga (Bareji),baru1268,,,,,,Trans–New Guinea,Binanderean,1
1625,Mawak,mawa1266,,,,,,Trans–New Guinea,Madang,1
1628,Nage,nage1237,,,,,,Austronesian,Malayo-Polynesian,1
1629,Levuka (Painara),levu1239,,,,,,Austronesian,Malayo-Polynesian,1
1631,"Ye'kuana (Maquiritari, Dekwana)",maqu1238,,,,,,Cariban,Guianan Carib,1
1632,Negerhollands,nege1244,,,,,,Dutch-based creole,,1
1634,Tiwi,tiwi1244,,,,,,Tiwi,,1
1636,Liha (Lyha),lyha1238,,,,,,Austroasiatic,Vietic,1
1638,Pendau,pend1242,,,,,,Austronesian,Malayo-Polynesian,1
1639,Haitian Creole,hait1244,,,,,,French-based creole,,1
1641,Bai,baic1239,,,,,,Sino-Tibetan,Sinitic,1
1643,Tat (Caucasus),musl1236,,,,,,Indo-European,Indo-Iranian,1
1644,Bakhtiari,bakh1245,,,,,,Indo-European,Indo-Iranian,1
1645,Southern Kurdish,sout2640,,,,,,Indo-European,Indo-Iranian,1
1646,Bartangi,bart1238,,,,,,Indo-European,Indo-Iranian,1
1647,Oroshori (Roshorvi),oros1238,,,,,,Indo-European,Indo-Iranian,1
1648,Rushani,rush1239,,,,,,Indo-European,Indo-Iranian,1
1649,Khufi,khuf1238,,,,,,Indo-European,Indo-Iranian,1
1650,Larestani,lari1253,,,,,,Indo-European,Indo-Iranian,1
1651,Xonj Larestani,khon1246,,,,,,Indo-European,Indo-Iranian,1
1654,Gilaki,gila1241,,,,,,Indo-European,Indo-Iranian,1
1655,Hehe,hehe1240,,,,,,Niger–Congo,Atlantic–Congo,1
1656,Kinga,nucl1379,,,,,,Niger–Congo,Atlantic–Congo,1
1657,Sangu (Tanzania),sang1330,,,,,,Niger–Congo,Atlantic–Congo,1
1658,Teleut,tele1257,,,,,,Altaic,Turkic,1
1659,Dampelas,damp1237,,,,,,Austronesian,Malayo-Polynesian,1
1661,Kulung (Nepal),kulu1253,,,,,,Sino-Tibetan,Tibeto-Burman,1
1663,Duungidjawu,duun1241,,,,,,Pama–Nyungan,Waka–Kabic,1
1664,Iora (Iyora),sydn1236,,,,,,Pama–Nyungan,Yuin–Kuric,1
1665,Kartujarra,kart1247,,,,,,Pama–Nyungan,Wati,1
1666,Ngadjumaya,ngad1258,,,,,,Pama–Nyungan,Mirning,1
1667,Toro-tegu Dogon,toro1253,,,,,,Dogon,Plains Dogon,1
1668,Guduf-Gava,gudu1252,,,,,,Afro-Asiatic,Chadic,1
1669,"Glavda (Gələvda, Galavda)",glav1244,,,,,,Afro-Asiatic,Chadic,1
1670,Kamwe (Higi Futu),kamw1239,,,,,,Afro-Asiatic,Chadic,1
1671,"Wandala (Mandara, Chadic)",wand1278,,,,,,Afro-Asiatic,Chadic,1
1672,"Misme (Mesme, Zime)",mesm1239,,,,,,Afro-Asiatic,Chadic,1
1673,Meru,meru1245,,,,,,Niger–Congo,Atlantic–Congo,1
1674,Siha,siha1242,,,,,,Niger–Congo,Atlantic–Congo,1
1675,Tharaka,thar1283,,,,,,Niger–Congo,Atlantic–Congo,1
1676,Silesian,sile1253,,,,,,Indo-European,Slavic,1
1677,Chichewa (Nyanja),nyan1308,,,,,,Niger–Congo,Atlantic–Congo,1
1678,Tai Dam (Black Tai),taid1247,,,,,,Kra-Dai,Tai,1
1679,Tai Phake,phak1238,,,,,,Kra-Dai,Tai,1
1680,Ligurian,ligu1248,,,,,,Indo-European,Romance,1
1682,Abellen (Ayta Abellan),aben1249,,,,,,Austronesian,Malayo-Polynesian,1
1683,Dzao Min,dzao1238,,,,,,Hmong–Mien,Mienic,1
1684,Tacana,taca1256,,,,,,Tacanan,Araona–Tacanan,1
1685,Movima,movi1243,,,,,,Movima,,1
1688,Divehi (Maldivian),dhiv1236,,,,,,Indo-European,Indo-Iranian,1
1689,Aragones,arag1245,,,,,,Indo-European,Romance,1
1690,Leonese,leon1250,,,,,,Indo-European,Romance,1
1691,Zabana,zaba1237,,,,,,Austronesian,Malayo-Polynesian,1
1692,Angoram,ango1255,,,,,,Ramu–Lower Sepik,Lower Sepik,1
1693,Bilakura (Karian),bila1257,,,,,,Trans–New Guinea,Madang,1
1694,Biwat (Mundugumor),biwa1243,,,,,,Yuat,Mundugumor,1
1695,Chambri,cham1313,,,,,,Ramu–Lower Sepik,Lower Sepik,1
1696,Ese (Managalasi),esee1247,,,,,,Koiarian,Baraic,1
1697,Faiwol,faiw1243,,,,,,Central &amp; South New Guinea,Ok,1
1698,Kobol (Koguman),kobo1248,,,,,,Trans–New Guinea,Madang,1
1699,Kopar,kopa1248,,,,,,Ramu–Lower Sepik,Lower Sepik,1
1700,Siane,sian1257,,,,,,Trans–New Guinea,Kainantu–Goroka,1
1701,"Tabriak (Karawari, Yokoim)",tabr1243,,,,,,Ramu–Lower Sepik,Lower Sepik,1
1702,Kirikiri,,,,,,,Lakes Plain,Tariku,1
1703,Murik (New Guinea),muri1260,,,,,,Ramu–Lower Sepik,Lower Sepik,1
1704,Usan,usan1239,,,,,,Trans–New Guinea,Madang,1
1705,Yaben,yade1255,,,,,,Trans–New Guinea,Madang,1
1706,Yimas,yima1243,,,,,,Ramu–Lower Sepik,Lower Sepik,1
1707,Ömie,omie1241,,,,,,Koiarian,Baraic,1
1708,Basaa (Mbene),basa1284,,,,,,Niger–Congo,Atlantic–Congo,1
1709,Bende,bend1258,,,,,,Niger–Congo,Atlantic–Congo,1
1710,Yuwaalayaay,yuwa1243,,,,,,Pama–Nyungan,Wiradhuric,1
1711,Yuwaalaraay,yuwa1242,,,,,,Pama–Nyungan,Wiradhuric,1
1712,Dawawa,dawa1242,,,,,,Austronesian,Malayo-Polynesian,1
1714,Lungga,lung1249,,,,,,Austronesian,Malayo-Polynesian,1
1715,Kokota,koko1269,,,,,,Austronesian,Malayo-Polynesian,1
1716,Labo (Ninde),labo1244,,,,,,Austronesian,Malayo-Polynesian,1
1718,Mi'kmaq,mikm1235,,,,,,Algic,Algonquian,1
1719,Kutchi (Kachhi),kach1277,,,,,,Indo-European,Indo-Iranian,1
1720,Kukatja,,,,,,,,,0
1721,Mari,,,,,,,,,0
1722,Nanaj,,,,,,,,,0
1723,Toc Pisin,,,,,,,,,0
1724,Old Slavonic,,,,,,,,,0
1725,Osetin,,,,,,,,,0
1726,Ngariman,,,,,,,,,0
1727,Koyo,,,,,,,,,0
1728,Kui,,,,,,,,,0
1729,Manda,,,,,,,,,0
1730,Wichí,,,,,,,,,0
1731,Gugu-yalanji,,,,,,,,,0
1732,Russian–Chinese Pidgin,,,,,,,,,0
1733,Iipay,,,,,,,,,0
1734,Konda,,,,,,,,,0
1735,Isneg,,,,,,,,,0
1736,Sar,,,,,,,,,0
1737,Kalam Pandanus,,,,,,,,,0
1738,Nootka (Kyuquot),,,,,,,,,0
1739,"Malto (Sauria Paharia, references do not distinguish with Kumarbhag Paharia)",,,,,,,,,0
1740,Juǀʼhoan,,,,,,,,,0
1741,Kayan,,,,,,,,,0
1742,Miri (diaclet of Narom),,,,,,,,,0
